<?xml version="1.0"?>
<!--Generated with glade3 3.4.5 on Sat Feb  7 16:10:40 2009 -->
<interface>
  <object class="GtkWindow" id="About">
    <property name="width_request">775</property>
    <property name="height_request">575</property>
    <property name="visible">True</property>
    <property name="title" translatable="yes">About</property>
    <property name="window_position">GTK_WIN_POS_CENTER</property>
    <property name="icon_name">rabbitvcs-small</property>
    <property name="gravity">GDK_GRAVITY_CENTER</property>
    <signal handler="on_destroy" name="destroy"/>
    <child>
      <object class="GtkVBox" id="vbox1">
        <property name="orientation">vertical</property>
        <property name="visible">True</property>
        <property name="border_width">12</property>
        <property name="spacing">18</property>
        <child>
          <object class="GtkAlignment" id="alignment1">
            <property name="visible">True</property>
            <property name="top_padding">12</property>
            <child>
              <object class="GtkLabel" id="label1">
                <property name="visible">True</property>
                <property name="label" translatable="yes">&lt;span size="xx-large"&gt;&lt;b&gt;RabbitVCS&lt;/b&gt;&lt;/span&gt;</property>
                <property name="use_markup">True</property>
              </object>
            </child>
          </object>
          <packing>
            <property name="expand">False</property>
            <property name="fill">False</property>
          </packing>
        </child>
        <child>
          <object class="GtkAlignment" id="alignment2">
            <property name="visible">True</property>
            <property name="left_padding">12</property>
            <child>
              <object class="GtkVBox" id="vbox2">
                <property name="orientation">vertical</property>
                <property name="visible">True</property>
                <property name="spacing">6</property>
                <child>
                  <object class="GtkHBox" id="hbox1">
                    <property name="visible">True</property>
                    <child>
                      <object class="GtkLabel" id="label2">
                        <property name="width_request">100</property>
                        <property name="visible">True</property>
                        <property name="xalign">0</property>
                        <property name="yalign">0</property>
                        <property name="label" translatable="yes">Authors:</property>
                      </object>
                      <packing>
                        <property name="expand">False</property>
                        <property name="fill">False</property>
                      </packing>
                    </child>
                    <child>
                      <object class="GtkLabel" id="authors">
                        <property name="width_request">600</property>
                        <property name="visible">True</property>
                        <property name="xalign">0</property>
                        <property name="wrap">True</property>
                        <property name="selectable">True</property>
                      </object>
                      <packing>
                        <property name="expand">False</property>
                        <property name="fill">False</property>
                        <property name="position">1</property>
                      </packing>
                    </child>
                  </object>
                  <packing>
                    <property name="expand">False</property>
                    <property name="fill">False</property>
                  </packing>
                </child>
                <child>
                  <object class="GtkHBox" id="hbox3">
                    <property name="visible">True</property>
                    <child>
                      <object class="GtkLabel" id="label6">
                        <property name="width_request">100</property>
                        <property name="visible">True</property>
                        <property name="xalign">0</property>
                        <property name="yalign">0</property>
                        <property name="label" translatable="yes">Thanks:</property>
                      </object>
                      <packing>
                        <property name="expand">False</property>
                        <property name="fill">False</property>
                      </packing>
                    </child>
                    <child>
                      <object class="GtkScrolledWindow" id="scrolledwindow1">
                        <property name="height_request">175</property>
                        <property name="visible">True</property>
                        <property name="can_focus">True</property>
                        <property name="hscrollbar_policy">GTK_POLICY_AUTOMATIC</property>
                        <property name="vscrollbar_policy">GTK_POLICY_AUTOMATIC</property>
                        <property name="shadow_type">GTK_SHADOW_ETCHED_IN</property>
                        <child>
                          <object class="GtkTextView" id="thanks">
                            <property name="visible">True</property>
                            <property name="can_focus">True</property>
                            <property name="editable">False</property>
                            <property name="wrap_mode">GTK_WRAP_WORD</property>
                            <property name="left_margin">5</property>
                            <property name="right_margin">5</property>
                          </object>
                        </child>
                      </object>
                      <packing>
                        <property name="position">1</property>
                      </packing>
                    </child>
                  </object>
                  <packing>
                    <property name="position">1</property>
                  </packing>
                </child>
              </object>
            </child>
          </object>
          <packing>
            <property name="expand">False</property>
            <property name="fill">False</property>
            <property name="position">1</property>
          </packing>
        </child>
        <child>
          <object class="GtkVBox" id="vbox3">
            <property name="orientation">vertical</property>
            <property name="visible">True</property>
            <property name="spacing">6</property>
            <child>
              <object class="GtkLabel" id="label4">
                <property name="visible">True</property>
                <property name="xalign">0</property>
                <property name="label" translatable="yes">&lt;b&gt;Version Information&lt;/b&gt;</property>
                <property name="use_markup">True</property>
              </object>
              <packing>
                <property name="expand">False</property>
                <property name="fill">False</property>
              </packing>
            </child>
            <child>
              <object class="GtkAlignment" id="alignment3">
                <property name="visible">True</property>
                <property name="left_padding">12</property>
                <child>
                  <object class="GtkLabel" id="versions">
                    <property name="visible">True</property>
                    <property name="xalign">0</property>
                    <property name="use_markup">True</property>
                  </object>
                </child>
              </object>
              <packing>
                <property name="expand">False</property>
                <property name="fill">False</property>
                <property name="position">1</property>
              </packing>
            </child>
          </object>
          <packing>
            <property name="expand">False</property>
            <property name="fill">False</property>
            <property name="position">2</property>
          </packing>
        </child>
        <child>
          <object class="GtkVBox" id="vbox4">
            <property name="orientation">vertical</property>
            <property name="visible">True</property>
            <child>
              <object class="GtkLabel" id="label5">
                <property name="visible">True</property>
                <property name="xalign">0</property>
                <property name="label" translatable="yes">&lt;b&gt;Links&lt;/b&gt;</property>
                <property name="use_markup">True</property>
              </object>
              <packing>
                <property name="expand">False</property>
                <property name="fill">False</property>
              </packing>
            </child>
            <child>
              <object class="GtkAlignment" id="alignment4">
                <property name="visible">True</property>
                <property name="left_padding">12</property>
                <child>
                  <object class="GtkLabel" id="links">
                    <property name="visible">True</property>
                    <property name="xalign">0</property>
                    <property name="label">http://code.googlecode.com/p/rabbitvcs
http://subversion.tigris.org
http://pysvn.tigris.org/
http://voidspace.org.uk/python/configobj.html</property>
                    <property name="use_markup">True</property>
                  </object>
                </child>
              </object>
              <packing>
                <property name="expand">False</property>
                <property name="fill">False</property>
                <property name="position">1</property>
              </packing>
            </child>
          </object>
          <packing>
            <property name="expand">False</property>
            <property name="fill">False</property>
            <property name="position">3</property>
          </packing>
        </child>
        <child>
          <object class="GtkHButtonBox" id="hbuttonbox1">
            <property name="visible">True</property>
            <property name="spacing">6</property>
            <property name="layout_style">GTK_BUTTONBOX_END</property>
            <child>
              <object class="GtkButton" id="close">
                <property name="visible">True</property>
                <property name="can_focus">True</property>
                <property name="receives_default">True</property>
                <property name="label">gtk-close</property>
                <property name="use_stock">True</property>
                <signal handler="on_close_clicked" name="clicked"/>
              </object>
            </child>
          </object>
          <packing>
            <property name="expand">False</property>
            <property name="fill">False</property>
            <property name="pack_type">GTK_PACK_END</property>
            <property name="position">4</property>
          </packing>
        </child>
      </object>
    </child>
  </object>
</interface>
