<?xml version="1.0"?>
<interface>
  <!-- interface-requires gtk+ 2.6 -->
  <!-- interface-naming-policy toplevel-contextual -->
  <object class="GtkWindow" id="Annotate">
    <property name="width_request">750</property>
    <property name="height_request">550</property>
    <property name="visible">True</property>
    <property name="title" translatable="yes">Annotate</property>
    <property name="window_position">center</property>
    <property name="icon_name">rabbitvcs-small</property>
    <signal handler="on_destroy" name="destroy"/>
    <signal handler="on_key_pressed" name="key_press_event"/>
    <child>
      <object class="GtkVBox" id="vbox1">
        <property name="visible">True</property>
        <property name="border_width">12</property>
        <property name="orientation">vertical</property>
        <property name="spacing">18</property>
        <child>
          <object class="GtkScrolledWindow" id="scrolledwindow1">
            <property name="visible">True</property>
            <property name="can_focus">True</property>
            <property name="hscrollbar_policy">automatic</property>
            <property name="vscrollbar_policy">automatic</property>
            <child>
              <object class="GtkTreeView" id="table">
                <property name="visible">True</property>
                <property name="can_focus">True</property>
                <property name="rubber_banding">True</property>
              </object>
            </child>
          </object>
          <packing>
            <property name="position">0</property>
          </packing>
        </child>
        <child>
          <object class="GtkHBox" id="hbox1">
            <property name="visible">True</property>
            <child>
              <object class="GtkVBox" id="vbox2">
                <property name="visible">True</property>
                <property name="orientation">vertical</property>
                <property name="spacing">6</property>
                <child>
                  <object class="GtkHBox" id="hbox2">
                    <property name="visible">True</property>
                    <property name="spacing">12</property>
                    <child>
                      <object class="GtkVBox" id="from_revision_container">
                        <property name="visible">True</property>
                        <property name="orientation">vertical</property>
                        <property name="spacing">6</property>
                        <child>
                          <object class="GtkLabel" id="label1">
                            <property name="visible">True</property>
                            <property name="xalign">0</property>
                            <property name="label" translatable="yes">&lt;b&gt;From Revision&lt;/b&gt;</property>
                            <property name="use_markup">True</property>
                          </object>
                          <packing>
                            <property name="position">0</property>
                          </packing>
                        </child>
                        <child>
                          <object class="GtkHBox" id="hbox4">
                            <property name="visible">True</property>
                            <property name="spacing">6</property>
                            <child>
                              <object class="GtkEntry" id="from">
                                <property name="width_request">100</property>
                                <property name="visible">True</property>
                                <property name="can_focus">True</property>
                              </object>
                              <packing>
                                <property name="position">0</property>
                              </packing>
                            </child>
                            <child>
                              <object class="GtkButton" id="from_show_log">
                                <property name="visible">True</property>
                                <property name="can_focus">True</property>
                                <property name="receives_default">True</property>
                                <signal handler="on_from_show_log_clicked" name="clicked"/>
                                <child>
                                  <object class="GtkImage" id="image2">
                                    <property name="visible">True</property>
                                    <property name="icon_name">rabbitvcs-show_log</property>
                                  </object>
                                </child>
                              </object>
                              <packing>
                                <property name="expand">False</property>
                                <property name="fill">False</property>
                                <property name="position">1</property>
                              </packing>
                            </child>
                          </object>
                          <packing>
                            <property name="position">1</property>
                          </packing>
                        </child>
                      </object>
                      <packing>
                        <property name="position">0</property>
                      </packing>
                    </child>
                    <child>
                      <object class="GtkVBox" id="vbox5">
                        <property name="visible">True</property>
                        <property name="orientation">vertical</property>
                        <property name="spacing">6</property>
                        <child>
                          <object class="GtkLabel" id="label2">
                            <property name="visible">True</property>
                            <property name="xalign">0</property>
                            <property name="label" translatable="yes">&lt;b&gt;To Revision&lt;/b&gt;</property>
                            <property name="use_markup">True</property>
                          </object>
                          <packing>
                            <property name="position">0</property>
                          </packing>
                        </child>
                        <child>
                          <object class="GtkHBox" id="hbox3">
                            <property name="visible">True</property>
                            <property name="spacing">6</property>
                            <child>
                              <object class="GtkEntry" id="to">
                                <property name="width_request">100</property>
                                <property name="visible">True</property>
                                <property name="can_focus">True</property>
                              </object>
                              <packing>
                                <property name="position">0</property>
                              </packing>
                            </child>
                            <child>
                              <object class="GtkButton" id="to_show_log">
                                <property name="visible">True</property>
                                <property name="can_focus">True</property>
                                <property name="receives_default">True</property>
                                <signal handler="on_to_show_log_clicked" name="clicked"/>
                                <child>
                                  <object class="GtkImage" id="image1">
                                    <property name="visible">True</property>
                                    <property name="icon_name">rabbitvcs-show_log</property>
                                  </object>
                                </child>
                              </object>
                              <packing>
                                <property name="expand">False</property>
                                <property name="fill">False</property>
                                <property name="position">1</property>
                              </packing>
                            </child>
                            <child>
                              <object class="GtkButton" id="refresh">
                                <property name="visible">True</property>
                                <property name="can_focus">True</property>
                                <property name="receives_default">True</property>
                                <signal handler="on_refresh_clicked" name="clicked"/>
                                <child>
                                  <object class="GtkImage" id="image3">
                                    <property name="visible">True</property>
                                    <property name="stock">gtk-refresh</property>
                                  </object>
                                </child>
                              </object>
                              <packing>
                                <property name="expand">False</property>
                                <property name="fill">False</property>
                                <property name="padding">6</property>
                                <property name="position">2</property>
                              </packing>
                            </child>
                          </object>
                          <packing>
                            <property name="position">1</property>
                          </packing>
                        </child>
                      </object>
                      <packing>
                        <property name="position">1</property>
                      </packing>
                    </child>
                  </object>
                  <packing>
                    <property name="expand">False</property>
                    <property name="fill">False</property>
                    <property name="position">0</property>
                  </packing>
                </child>
              </object>
              <packing>
                <property name="position">0</property>
              </packing>
            </child>
            <child>
              <object class="GtkVBox" id="vbox4">
                <property name="visible">True</property>
                <property name="orientation">vertical</property>
                <child>
                  <object class="GtkLabel" id="label3">
                    <property name="visible">True</property>
                  </object>
                  <packing>
                    <property name="position">1</property>
                  </packing>
                </child>
                <child>
                  <object class="GtkHButtonBox" id="hbuttonbox1">
                    <property name="visible">True</property>
                    <property name="spacing">6</property>
                    <property name="layout_style">end</property>
                    <child>
                      <object class="GtkButton" id="save">
                        <property name="label">gtk-save-as</property>
                        <property name="visible">True</property>
                        <property name="sensitive">False</property>
                        <property name="can_focus">True</property>
                        <property name="receives_default">True</property>
                        <property name="use_stock">True</property>
                        <signal handler="on_save_clicked" name="clicked"/>
                      </object>
                      <packing>
                        <property name="expand">False</property>
                        <property name="fill">False</property>
                        <property name="position">0</property>
                      </packing>
                    </child>
                    <child>
                      <object class="GtkButton" id="close">
                        <property name="label">gtk-close</property>
                        <property name="visible">True</property>
                        <property name="can_focus">True</property>
                        <property name="receives_default">True</property>
                        <property name="use_stock">True</property>
                        <signal handler="on_close_clicked" name="clicked"/>
                      </object>
                      <packing>
                        <property name="expand">False</property>
                        <property name="fill">False</property>
                        <property name="position">1</property>
                      </packing>
                    </child>
                  </object>
                  <packing>
                    <property name="expand">False</property>
                    <property name="fill">False</property>
                    <property name="pack_type">end</property>
                    <property name="position">1</property>
                  </packing>
                </child>
              </object>
              <packing>
                <property name="pack_type">end</property>
                <property name="position">1</property>
              </packing>
            </child>
          </object>
          <packing>
            <property name="expand">False</property>
            <property name="fill">False</property>
            <property name="pack_type">end</property>
            <property name="position">1</property>
          </packing>
        </child>
      </object>
    </child>
  </object>
</interface>
