<?xml version="1.0"?>
<interface>
  <!-- interface-requires gtk+ 2.6 -->
  <!-- interface-naming-policy toplevel-contextual -->
  <object class="GtkWindow" id="Branch">
    <property name="width_request">550</property>
    <property name="visible">True</property>
    <property name="title" translatable="yes">Branch/tag</property>
    <property name="window_position">center</property>
    <property name="icon_name">rabbitvcs-small</property>
    <signal handler="on_destroy" name="destroy"/>
    <signal handler="on_key_pressed" name="key_press_event"/>
    <child>
      <object class="GtkVBox" id="vbox7">
        <property name="visible">True</property>
        <property name="border_width">12</property>
        <property name="orientation">vertical</property>
        <property name="spacing">18</property>
        <child>
          <object class="GtkVBox" id="vbox8">
            <property name="visible">True</property>
            <property name="orientation">vertical</property>
            <property name="spacing">6</property>
            <child>
              <object class="GtkLabel" id="label1">
                <property name="visible">True</property>
                <property name="xalign">0</property>
                <property name="label" translatable="yes">&lt;b&gt;Repository&lt;/b&gt;</property>
                <property name="use_markup">True</property>
              </object>
              <packing>
                <property name="expand">False</property>
                <property name="fill">False</property>
                <property name="position">0</property>
              </packing>
            </child>
            <child>
              <object class="GtkAlignment" id="alignment2">
                <property name="visible">True</property>
                <property name="left_padding">12</property>
                <child>
                  <object class="GtkVBox" id="vbox1">
                    <property name="visible">True</property>
                    <property name="orientation">vertical</property>
                    <property name="spacing">6</property>
                    <child>
                      <object class="GtkHBox" id="hbox9">
                        <property name="visible">True</property>
                        <property name="spacing">6</property>
                        <child>
                          <object class="GtkLabel" id="label17">
                            <property name="width_request">90</property>
                            <property name="visible">True</property>
                            <property name="xalign">0</property>
                            <property name="label" translatable="yes">From:</property>
                          </object>
                          <packing>
                            <property name="expand">False</property>
                            <property name="fill">False</property>
                            <property name="position">0</property>
                          </packing>
                        </child>
                        <child>
                          <object class="GtkComboBoxEntry" id="from_urls">
                            <property name="visible">True</property>
                          </object>
                          <packing>
                            <property name="position">1</property>
                          </packing>
                        </child>
                        <child>
                          <object class="GtkButton" id="repo_browser">
                            <property name="visible">True</property>
                            <property name="can_focus">True</property>
                            <property name="receives_default">True</property>
                            <signal handler="on_repo_browser_clicked" name="clicked"/>
                            <child>
                              <object class="GtkImage" id="image1">
                                <property name="visible">True</property>
                                <property name="stock">gtk-find</property>
                                <property name="icon-size">1</property>
                              </object>
                            </child>
                          </object>
                          <packing>
                            <property name="expand">False</property>
                            <property name="fill">False</property>
                            <property name="position">2</property>
                          </packing>
                        </child>
                      </object>
                      <packing>
                        <property name="position">0</property>
                      </packing>
                    </child>
                    <child>
                      <object class="GtkHBox" id="hbox10">
                        <property name="visible">True</property>
                        <property name="spacing">6</property>
                        <child>
                          <object class="GtkLabel" id="label18">
                            <property name="width_request">90</property>
                            <property name="visible">True</property>
                            <property name="xalign">0</property>
                            <property name="label" translatable="yes">To:</property>
                          </object>
                          <packing>
                            <property name="expand">False</property>
                            <property name="fill">False</property>
                            <property name="position">0</property>
                          </packing>
                        </child>
                        <child>
                          <object class="GtkComboBoxEntry" id="to_urls">
                            <property name="visible">True</property>
                          </object>
                          <packing>
                            <property name="position">1</property>
                          </packing>
                        </child>
                      </object>
                      <packing>
                        <property name="position">1</property>
                      </packing>
                    </child>
                  </object>
                </child>
              </object>
              <packing>
                <property name="expand">False</property>
                <property name="fill">False</property>
                <property name="position">1</property>
              </packing>
            </child>
          </object>
          <packing>
            <property name="expand">False</property>
            <property name="fill">False</property>
            <property name="position">0</property>
          </packing>
        </child>
        <child>
          <object class="GtkVBox" id="vbox9">
            <property name="visible">True</property>
            <property name="orientation">vertical</property>
            <property name="spacing">6</property>
            <child>
              <object class="GtkLabel" id="label2">
                <property name="visible">True</property>
                <property name="xalign">0</property>
                <property name="label" translatable="yes">&lt;b&gt;Create copy from&lt;/b&gt;</property>
                <property name="use_markup">True</property>
              </object>
              <packing>
                <property name="expand">False</property>
                <property name="fill">False</property>
                <property name="position">0</property>
              </packing>
            </child>
            <child>
              <object class="GtkAlignment" id="revision_container">
                <property name="visible">True</property>
                <property name="left_padding">12</property>
                <child>
                  <placeholder/>
                </child>
              </object>
              <packing>
                <property name="expand">False</property>
                <property name="fill">False</property>
                <property name="position">1</property>
              </packing>
            </child>
          </object>
          <packing>
            <property name="expand">False</property>
            <property name="fill">False</property>
            <property name="position">1</property>
          </packing>
        </child>
        <child>
          <object class="GtkVBox" id="vbox3">
            <property name="visible">True</property>
            <property name="orientation">vertical</property>
            <property name="spacing">6</property>
            <child>
              <object class="GtkLabel" id="label3">
                <property name="visible">True</property>
                <property name="xalign">0</property>
                <property name="label" translatable="yes">&lt;b&gt;Add Message&lt;/b&gt;</property>
                <property name="use_markup">True</property>
              </object>
              <packing>
                <property name="expand">False</property>
                <property name="fill">False</property>
                <property name="position">0</property>
              </packing>
            </child>
            <child>
              <object class="GtkAlignment" id="alignment1">
                <property name="visible">True</property>
                <property name="left_padding">12</property>
                <child>
                  <object class="GtkVBox" id="vbox10">
                    <property name="visible">True</property>
                    <property name="orientation">vertical</property>
                    <property name="spacing">6</property>
                    <child>
                      <object class="GtkHButtonBox" id="hbuttonbox6">
                        <property name="visible">True</property>
                        <property name="layout_style">start</property>
                        <child>
                          <object class="GtkButton" id="previous_messages">
                            <property name="label" translatable="yes">Previous Messages</property>
                            <property name="visible">True</property>
                            <property name="can_focus">True</property>
                            <property name="receives_default">True</property>
                            <signal handler="on_previous_messages_clicked" name="clicked"/>
                          </object>
                          <packing>
                            <property name="expand">False</property>
                            <property name="fill">False</property>
                            <property name="position">0</property>
                          </packing>
                        </child>
                      </object>
                      <packing>
                        <property name="expand">False</property>
                        <property name="fill">False</property>
                        <property name="position">0</property>
                      </packing>
                    </child>
                    <child>
                      <object class="GtkScrolledWindow" id="scrolledwindow6">
                        <property name="visible">True</property>
                        <property name="can_focus">True</property>
                        <property name="hscrollbar_policy">automatic</property>
                        <property name="vscrollbar_policy">automatic</property>
                        <property name="shadow_type">etched-in</property>
                        <child>
                          <object class="GtkTextView" id="message">
                            <property name="height_request">100</property>
                            <property name="visible">True</property>
                            <property name="can_focus">True</property>
                            <property name="wrap_mode">word</property>
                          </object>
                        </child>
                      </object>
                      <packing>
                        <property name="position">-1</property>
                      </packing>
                    </child>
                  </object>
                </child>
              </object>
              <packing>
                <property name="position">1</property>
              </packing>
            </child>
          </object>
          <packing>
            <property name="position">2</property>
          </packing>
        </child>
        <child>
          <object class="GtkHButtonBox" id="hbuttonbox5">
            <property name="visible">True</property>
            <property name="spacing">6</property>
            <property name="layout_style">end</property>
            <child>
              <object class="GtkButton" id="cancel">
                <property name="label">gtk-cancel</property>
                <property name="visible">True</property>
                <property name="can_focus">True</property>
                <property name="receives_default">True</property>
                <property name="use_stock">True</property>
                <signal handler="on_cancel_clicked" name="clicked"/>
              </object>
              <packing>
                <property name="expand">False</property>
                <property name="fill">False</property>
                <property name="position">0</property>
              </packing>
            </child>
            <child>
              <object class="GtkButton" id="ok">
                <property name="label">gtk-ok</property>
                <property name="visible">True</property>
                <property name="can_focus">True</property>
                <property name="receives_default">True</property>
                <property name="use_stock">True</property>
                <signal handler="on_ok_clicked" name="clicked"/>
              </object>
              <packing>
                <property name="expand">False</property>
                <property name="fill">False</property>
                <property name="position">1</property>
              </packing>
            </child>
          </object>
          <packing>
            <property name="expand">False</property>
            <property name="fill">False</property>
            <property name="position">3</property>
          </packing>
        </child>
      </object>
    </child>
  </object>
</interface>
