<?xml version="1.0"?>
<interface>
  <!-- interface-requires gtk+ 2.12 -->
  <!-- interface-naming-policy project-wide -->
  <object class="GtkWindow" id="Merge">
    <property name="visible">True</property>
    <property name="title" translatable="yes">Merge</property>
    <property name="icon_name">rabbitvcs</property>
    <signal name="destroy" handler="on_destroy"/>
    <signal handler="on_key_pressed" name="key_press_event"/>
    <child>
      <object class="GtkVBox" id="vbox1">
        <property name="visible">True</property>
        <property name="border_width">12</property>
        <property name="spacing">18</property>
        <child>
          <object class="GtkHBox" id="hbox1">
            <property name="visible">True</property>
            <property name="spacing">6</property>
            <child>
              <object class="GtkVBox" id="vbox2">
                <property name="visible">True</property>
                <property name="spacing">6</property>
                <child>
                  <object class="GtkLabel" id="from_branch_label">
                    <property name="visible">True</property>
                    <property name="xalign">0</property>
                    <property name="label" translatable="yes">&lt;b&gt;From&lt;/b&gt;</property>
                    <property name="use_markup">True</property>
                  </object>
                  <packing>
                    <property name="expand">False</property>
                    <property name="fill">False</property>
                    <property name="position">0</property>
                  </packing>
                </child>
                <child>
                  <object class="GtkAlignment" id="alignment1">
                    <property name="visible">True</property>
                    <property name="left_padding">12</property>
                    <child>
                      <object class="GtkVBox" id="from_container">
                        <property name="visible">True</property>
                        <property name="spacing">6</property>
                        <child>
                          <object class="GtkHBox" id="from_branch_container">
                            <property name="visible">True</property>
                            <child>
                              <placeholder/>
                            </child>
                          </object>
                          <packing>
                            <property name="expand">False</property>
                            <property name="fill">False</property>
                            <property name="position">0</property>
                          </packing>
                        </child>
                        <child>
                          <object class="GtkVBox" id="from_branch_info">
                            <property name="visible">True</property>
                            <property name="spacing">6</property>
                            <child>
                              <placeholder/>
                            </child>
                          </object>
                          <packing>
                            <property name="expand">False</property>
                            <property name="fill">False</property>
                            <property name="position">1</property>
                          </packing>
                        </child>
                      </object>
                    </child>
                  </object>
                  <packing>
                    <property name="position">1</property>
                  </packing>
                </child>
              </object>
              <packing>
                <property name="position">0</property>
              </packing>
            </child>
          </object>
          <packing>
            <property name="position">0</property>
          </packing>
        </child>
        <child>
          <object class="GtkVBox" id="vbox3">
            <property name="visible">True</property>
            <property name="spacing">6</property>
            <child>
              <object class="GtkLabel" id="to_branch_label">
                <property name="visible">True</property>
                <property name="xalign">0</property>
                <property name="label" translatable="yes">&lt;b&gt;Will be merged into&lt;/b&gt;</property>
                <property name="use_markup">True</property>
              </object>
              <packing>
                <property name="expand">False</property>
                <property name="fill">False</property>
                <property name="position">0</property>
              </packing>
            </child>
            <child>
              <object class="GtkAlignment" id="alignment2">
                <property name="visible">True</property>
                <property name="left_padding">12</property>
                <child>
                  <object class="GtkLabel" id="to_branch">
                    <property name="visible">True</property>
                    <property name="xalign">0</property>
                  </object>
                </child>
              </object>
              <packing>
                <property name="expand">False</property>
                <property name="fill">False</property>
                <property name="position">1</property>
              </packing>
            </child>
          </object>
          <packing>
            <property name="expand">False</property>
            <property name="fill">False</property>
            <property name="position">1</property>
          </packing>
        </child>
        <child>
          <object class="GtkHButtonBox" id="hbuttonbox1">
            <property name="visible">True</property>
            <property name="spacing">6</property>
            <property name="layout_style">end</property>
            <child>
              <object class="GtkButton" id="cancel">
                <property name="label">gtk-cancel</property>
                <property name="visible">True</property>
                <property name="can_focus">True</property>
                <property name="receives_default">True</property>
                <property name="use_stock">True</property>
                <signal name="clicked" handler="on_cancel_clicked"/>
              </object>
              <packing>
                <property name="expand">False</property>
                <property name="fill">False</property>
                <property name="position">0</property>
              </packing>
            </child>
            <child>
              <object class="GtkButton" id="ok">
                <property name="label">gtk-ok</property>
                <property name="visible">True</property>
                <property name="can_focus">True</property>
                <property name="receives_default">True</property>
                <property name="use_stock">True</property>
                <signal name="clicked" handler="on_ok_clicked"/>
              </object>
              <packing>
                <property name="expand">False</property>
                <property name="fill">False</property>
                <property name="position">1</property>
              </packing>
            </child>
          </object>
          <packing>
            <property name="expand">False</property>
            <property name="fill">False</property>
            <property name="position">2</property>
          </packing>
        </child>
      </object>
    </child>
  </object>
</interface>
