<?xml version="1.0"?>
<interface>
  <!-- interface-requires gtk+ 2.10 -->
  <!-- interface-naming-policy project-wide -->
  <object class="GtkWindow" id="Browser">
    <property name="width_request">640</property>
    <property name="height_request">480</property>
    <property name="visible">True</property>
    <property name="title" translatable="yes">Repository Browser</property>
    <property name="window_position">center</property>
    <property name="icon_name">rabbitvcs</property>
    <signal handler="on_destroy" name="destroy"/>
    <signal handler="on_key_pressed" name="key_press_event"/>
    <child>
      <object class="GtkVBox" id="vbox1">
        <property name="visible">True</property>
        <property name="border_width">12</property>
        <property name="orientation">vertical</property>
        <property name="spacing">18</property>
        <child>
          <object class="GtkVBox" id="vbox2">
            <property name="visible">True</property>
            <property name="orientation">vertical</property>
            <property name="spacing">6</property>
            <child>
              <object class="GtkVBox" id="vbox3">
                <property name="visible">True</property>
                <property name="orientation">vertical</property>
                <property name="spacing">6</property>
                <child>
                  <object class="GtkHBox" id="hbox1">
                    <property name="visible">True</property>
                    <property name="spacing">6</property>
                    <child>
                      <object class="GtkLabel" id="label1">
                        <property name="width_request">90</property>
                        <property name="visible">True</property>
                        <property name="xalign">0</property>
                        <property name="label" translatable="yes">URL:</property>
                      </object>
                      <packing>
                        <property name="expand">False</property>
                        <property name="fill">False</property>
                        <property name="position">0</property>
                      </packing>
                    </child>
                    <child>
                      <object class="GtkComboBoxEntry" id="urls">
                        <property name="visible">True</property>
                      </object>
                      <packing>
                        <property name="position">1</property>
                      </packing>
                    </child>
                  </object>
                  <packing>
                    <property name="expand">False</property>
                    <property name="fill">False</property>
                    <property name="position">0</property>
                  </packing>
                </child>
                <child>
                  <object class="GtkHBox" id="hbox2">
                    <property name="visible">True</property>
                    <property name="spacing">6</property>
                    <child>
                      <object class="GtkLabel" id="label2">
                        <property name="width_request">90</property>
                        <property name="visible">True</property>
                        <property name="xalign">0</property>
                        <property name="label" translatable="yes">Revision:</property>
                      </object>
                      <packing>
                        <property name="expand">False</property>
                        <property name="fill">False</property>
                        <property name="position">0</property>
                      </packing>
                    </child>
                    <child>
                      <object class="GtkHBox" id="revision_container">
                        <property name="visible">True</property>
                        <child>
                          <placeholder/>
                        </child>
                      </object>
                      <packing>
                        <property name="position">1</property>
                      </packing>
                    </child>
                  </object>
                  <packing>
                    <property name="expand">False</property>
                    <property name="fill">False</property>
                    <property name="position">1</property>
                  </packing>
                </child>
              </object>
              <packing>
                <property name="expand">False</property>
                <property name="fill">False</property>
                <property name="position">0</property>
              </packing>
            </child>
            <child>
              <object class="GtkScrolledWindow" id="scrolledwindow2">
                <property name="visible">True</property>
                <property name="can_focus">True</property>
                <property name="hscrollbar_policy">automatic</property>
                <property name="vscrollbar_policy">automatic</property>
                <property name="shadow_type">etched-in</property>
                <child>
                  <object class="GtkTreeView" id="list">
                    <property name="visible">True</property>
                    <property name="can_focus">True</property>
                  </object>
                </child>
              </object>
              <packing>
                <property name="position">1</property>
              </packing>
            </child>
          </object>
          <packing>
            <property name="position">0</property>
          </packing>
        </child>
        <child>
          <object class="GtkHBox" id="hbox3">
            <property name="visible">True</property>
            <child>
              <object class="GtkHBox" id="hbox4">
                <property name="visible">True</property>
                <child>
                  <object class="GtkLabel" id="status">
                    <property name="visible">True</property>
                    <property name="xalign">0</property>
                  </object>
                  <packing>
                    <property name="expand">False</property>
                    <property name="fill">False</property>
                    <property name="position">0</property>
                  </packing>
                </child>
              </object>
              <packing>
                <property name="position">0</property>
              </packing>
            </child>
            <child>
              <object class="GtkHButtonBox" id="hbuttonbox1">
                <property name="visible">True</property>
                <property name="spacing">6</property>
                <property name="layout_style">end</property>
                <child>
                  <object class="GtkButton" id="refresh">
                    <property name="visible">True</property>
                    <property name="can_focus">True</property>
                    <property name="receives_default">True</property>
                    <signal handler="on_refresh_clicked" name="clicked"/>
                    <child>
                      <object class="GtkHBox" id="hbox5">
                        <property name="visible">True</property>
                        <child>
                          <object class="GtkImage" id="image1">
                            <property name="visible">True</property>
                            <property name="stock">gtk-refresh</property>
                          </object>
                          <packing>
                            <property name="position">0</property>
                          </packing>
                        </child>
                        <child>
                          <object class="GtkLabel" id="label3">
                            <property name="visible">True</property>
                            <property name="label" translatable="yes">Load/Refresh</property>
                          </object>
                          <packing>
                            <property name="position">1</property>
                          </packing>
                        </child>
                      </object>
                    </child>
                  </object>
                  <packing>
                    <property name="expand">False</property>
                    <property name="fill">False</property>
                    <property name="position">0</property>
                  </packing>
                </child>
                <child>
                  <object class="GtkButton" id="close">
                    <property name="label">gtk-close</property>
                    <property name="visible">True</property>
                    <property name="can_focus">True</property>
                    <property name="receives_default">True</property>
                    <property name="use_stock">True</property>
                    <signal handler="on_close_clicked" name="clicked"/>
                  </object>
                  <packing>
                    <property name="expand">False</property>
                    <property name="fill">False</property>
                    <property name="position">1</property>
                  </packing>
                </child>
              </object>
              <packing>
                <property name="expand">False</property>
                <property name="fill">False</property>
                <property name="position">1</property>
              </packing>
            </child>
          </object>
          <packing>
            <property name="expand">False</property>
            <property name="fill">False</property>
            <property name="position">1</property>
          </packing>
        </child>
      </object>
    </child>
  </object>
</interface>
