<?xml version="1.0"?>
<interface>
  <!-- interface-requires gtk+ 2.6 -->
  <!-- interface-naming-policy toplevel-contextual -->
  <object class="GtkWindow" id="Changes">
    <property name="width_request">640</property>
    <property name="height_request">500</property>
    <property name="visible">True</property>
    <property name="events">GDK_POINTER_MOTION_MASK | GDK_POINTER_MOTION_HINT_MASK | GDK_BUTTON_PRESS_MASK | GDK_BUTTON_RELEASE_MASK</property>
    <property name="title" translatable="yes">Changes</property>
    <property name="window_position">center</property>
    <property name="icon_name">rabbitvcs-small</property>
    <signal handler="on_destroy" name="destroy"/>
    <signal handler="on_key_pressed" name="key_press_event"/>
    <child>
      <object class="GtkVBox" id="vbox1">
        <property name="visible">True</property>
        <property name="events">GDK_POINTER_MOTION_MASK | GDK_POINTER_MOTION_HINT_MASK | GDK_BUTTON_PRESS_MASK | GDK_BUTTON_RELEASE_MASK</property>
        <property name="border_width">12</property>
        <property name="orientation">vertical</property>
        <property name="spacing">18</property>
        <child>
          <object class="GtkVBox" id="vbox2">
            <property name="visible">True</property>
            <property name="events">GDK_POINTER_MOTION_MASK | GDK_POINTER_MOTION_HINT_MASK | GDK_BUTTON_PRESS_MASK | GDK_BUTTON_RELEASE_MASK</property>
            <property name="orientation">vertical</property>
            <property name="spacing">12</property>
            <child>
              <object class="GtkVBox" id="vbox3">
                <property name="visible">True</property>
                <property name="events">GDK_POINTER_MOTION_MASK | GDK_POINTER_MOTION_HINT_MASK | GDK_BUTTON_PRESS_MASK | GDK_BUTTON_RELEASE_MASK</property>
                <property name="orientation">vertical</property>
                <property name="spacing">6</property>
                <child>
                  <object class="GtkLabel" id="label1">
                    <property name="visible">True</property>
                    <property name="events">GDK_POINTER_MOTION_MASK | GDK_POINTER_MOTION_HINT_MASK | GDK_BUTTON_PRESS_MASK | GDK_BUTTON_RELEASE_MASK</property>
                    <property name="xalign">0</property>
                    <property name="label" translatable="yes">&lt;b&gt;First:&lt;/b&gt;</property>
                    <property name="use_markup">True</property>
                  </object>
                  <packing>
                    <property name="expand">False</property>
                    <property name="fill">False</property>
                    <property name="position">0</property>
                  </packing>
                </child>
                <child>
                  <object class="GtkAlignment" id="alignment1">
                    <property name="visible">True</property>
                    <property name="events">GDK_POINTER_MOTION_MASK | GDK_POINTER_MOTION_HINT_MASK | GDK_BUTTON_PRESS_MASK | GDK_BUTTON_RELEASE_MASK</property>
                    <property name="left_padding">12</property>
                    <child>
                      <object class="GtkVBox" id="vbox4">
                        <property name="visible">True</property>
                        <property name="events">GDK_POINTER_MOTION_MASK | GDK_POINTER_MOTION_HINT_MASK | GDK_BUTTON_PRESS_MASK | GDK_BUTTON_RELEASE_MASK</property>
                        <property name="orientation">vertical</property>
                        <property name="spacing">6</property>
                        <child>
                          <object class="GtkHBox" id="hbox1">
                            <property name="visible">True</property>
                            <property name="events">GDK_POINTER_MOTION_MASK | GDK_POINTER_MOTION_HINT_MASK | GDK_BUTTON_PRESS_MASK | GDK_BUTTON_RELEASE_MASK</property>
                            <child>
                              <object class="GtkLabel" id="label2">
                                <property name="width_request">100</property>
                                <property name="visible">True</property>
                                <property name="events">GDK_POINTER_MOTION_MASK | GDK_POINTER_MOTION_HINT_MASK | GDK_BUTTON_PRESS_MASK | GDK_BUTTON_RELEASE_MASK</property>
                                <property name="xalign">0</property>
                                <property name="label" translatable="yes">URL</property>
                              </object>
                              <packing>
                                <property name="expand">False</property>
                                <property name="fill">False</property>
                                <property name="position">0</property>
                              </packing>
                            </child>
                            <child>
                              <object class="GtkHBox" id="hbox12">
                                <property name="visible">True</property>
                                <property name="events">GDK_POINTER_MOTION_MASK | GDK_POINTER_MOTION_HINT_MASK | GDK_BUTTON_PRESS_MASK | GDK_BUTTON_RELEASE_MASK</property>
                                <property name="spacing">4</property>
                                <child>
                                  <object class="GtkComboBoxEntry" id="first_urls">
                                    <property name="visible">True</property>
                                    <property name="events">GDK_POINTER_MOTION_MASK | GDK_POINTER_MOTION_HINT_MASK | GDK_BUTTON_PRESS_MASK | GDK_BUTTON_RELEASE_MASK</property>
                                    <signal handler="on_first_urls_changed" name="changed"/>
                                  </object>
                                  <packing>
                                    <property name="position">0</property>
                                  </packing>
                                </child>
                                <child>
                                  <object class="GtkButton" id="first_urls_browse">
                                    <property name="visible">True</property>
                                    <property name="can_focus">True</property>
                                    <property name="receives_default">True</property>
                                    <property name="events">GDK_POINTER_MOTION_MASK | GDK_POINTER_MOTION_HINT_MASK | GDK_BUTTON_PRESS_MASK | GDK_BUTTON_RELEASE_MASK</property>
                                    <signal handler="on_first_urls_browse_clicked" name="clicked"/>
                                    <child>
                                      <object class="GtkImage" id="image5">
                                        <property name="visible">True</property>
                                        <property name="events">GDK_POINTER_MOTION_MASK | GDK_POINTER_MOTION_HINT_MASK | GDK_BUTTON_PRESS_MASK | GDK_BUTTON_RELEASE_MASK</property>
                                        <property name="stock">gtk-zoom-fit</property>
                                        <property name="icon-size">1</property>
                                      </object>
                                    </child>
                                  </object>
                                  <packing>
                                    <property name="expand">False</property>
                                    <property name="fill">False</property>
                                    <property name="position">1</property>
                                  </packing>
                                </child>
                              </object>
                              <packing>
                                <property name="position">1</property>
                              </packing>
                            </child>
                          </object>
                          <packing>
                            <property name="expand">False</property>
                            <property name="fill">False</property>
                            <property name="position">0</property>
                          </packing>
                        </child>
                        <child>
                          <object class="GtkHBox" id="hbox2">
                            <property name="visible">True</property>
                            <property name="events">GDK_POINTER_MOTION_MASK | GDK_POINTER_MOTION_HINT_MASK | GDK_BUTTON_PRESS_MASK | GDK_BUTTON_RELEASE_MASK</property>
                            <child>
                              <object class="GtkLabel" id="label3">
                                <property name="width_request">100</property>
                                <property name="visible">True</property>
                                <property name="events">GDK_POINTER_MOTION_MASK | GDK_POINTER_MOTION_HINT_MASK | GDK_BUTTON_PRESS_MASK | GDK_BUTTON_RELEASE_MASK</property>
                                <property name="xalign">0</property>
                                <property name="label" translatable="yes">Revision</property>
                              </object>
                              <packing>
                                <property name="expand">False</property>
                                <property name="fill">False</property>
                                <property name="position">0</property>
                              </packing>
                            </child>
                            <child>
                              <object class="GtkHBox" id="first_revision_container">
                                <property name="visible">True</property>
                                <child>
                                  <placeholder/>
                                </child>
                              </object>
                              <packing>
                                <property name="position">1</property>
                              </packing>
                            </child>
                          </object>
                          <packing>
                            <property name="expand">False</property>
                            <property name="fill">False</property>
                            <property name="position">1</property>
                          </packing>
                        </child>
                      </object>
                    </child>
                  </object>
                  <packing>
                    <property name="expand">False</property>
                    <property name="fill">False</property>
                    <property name="position">1</property>
                  </packing>
                </child>
              </object>
              <packing>
                <property name="expand">False</property>
                <property name="fill">False</property>
                <property name="position">0</property>
              </packing>
            </child>
            <child>
              <object class="GtkVBox" id="vbox7">
                <property name="visible">True</property>
                <property name="events">GDK_POINTER_MOTION_MASK | GDK_POINTER_MOTION_HINT_MASK | GDK_BUTTON_PRESS_MASK | GDK_BUTTON_RELEASE_MASK</property>
                <property name="orientation">vertical</property>
                <property name="spacing">6</property>
                <child>
                  <object class="GtkLabel" id="label6">
                    <property name="visible">True</property>
                    <property name="events">GDK_POINTER_MOTION_MASK | GDK_POINTER_MOTION_HINT_MASK | GDK_BUTTON_PRESS_MASK | GDK_BUTTON_RELEASE_MASK</property>
                    <property name="xalign">0</property>
                    <property name="label" translatable="yes">&lt;b&gt;Second:&lt;/b&gt;</property>
                    <property name="use_markup">True</property>
                  </object>
                  <packing>
                    <property name="expand">False</property>
                    <property name="fill">False</property>
                    <property name="position">0</property>
                  </packing>
                </child>
                <child>
                  <object class="GtkAlignment" id="alignment3">
                    <property name="visible">True</property>
                    <property name="events">GDK_POINTER_MOTION_MASK | GDK_POINTER_MOTION_HINT_MASK | GDK_BUTTON_PRESS_MASK | GDK_BUTTON_RELEASE_MASK</property>
                    <property name="left_padding">12</property>
                    <child>
                      <object class="GtkVBox" id="vbox8">
                        <property name="visible">True</property>
                        <property name="events">GDK_POINTER_MOTION_MASK | GDK_POINTER_MOTION_HINT_MASK | GDK_BUTTON_PRESS_MASK | GDK_BUTTON_RELEASE_MASK</property>
                        <property name="orientation">vertical</property>
                        <property name="spacing">6</property>
                        <child>
                          <object class="GtkHBox" id="hbox7">
                            <property name="visible">True</property>
                            <property name="events">GDK_POINTER_MOTION_MASK | GDK_POINTER_MOTION_HINT_MASK | GDK_BUTTON_PRESS_MASK | GDK_BUTTON_RELEASE_MASK</property>
                            <child>
                              <object class="GtkLabel" id="label7">
                                <property name="width_request">100</property>
                                <property name="visible">True</property>
                                <property name="events">GDK_POINTER_MOTION_MASK | GDK_POINTER_MOTION_HINT_MASK | GDK_BUTTON_PRESS_MASK | GDK_BUTTON_RELEASE_MASK</property>
                                <property name="xalign">0</property>
                                <property name="label" translatable="yes">URL</property>
                              </object>
                              <packing>
                                <property name="expand">False</property>
                                <property name="fill">False</property>
                                <property name="position">0</property>
                              </packing>
                            </child>
                            <child>
                              <object class="GtkHBox" id="hbox14">
                                <property name="visible">True</property>
                                <property name="events">GDK_POINTER_MOTION_MASK | GDK_POINTER_MOTION_HINT_MASK | GDK_BUTTON_PRESS_MASK | GDK_BUTTON_RELEASE_MASK</property>
                                <property name="spacing">4</property>
                                <child>
                                  <object class="GtkComboBoxEntry" id="second_urls">
                                    <property name="visible">True</property>
                                    <property name="events">GDK_POINTER_MOTION_MASK | GDK_POINTER_MOTION_HINT_MASK | GDK_BUTTON_PRESS_MASK | GDK_BUTTON_RELEASE_MASK</property>
                                    <signal handler="on_second_urls_changed" name="changed"/>
                                  </object>
                                  <packing>
                                    <property name="position">0</property>
                                  </packing>
                                </child>
                                <child>
                                  <object class="GtkButton" id="second_urls_browse">
                                    <property name="visible">True</property>
                                    <property name="can_focus">True</property>
                                    <property name="receives_default">True</property>
                                    <property name="events">GDK_POINTER_MOTION_MASK | GDK_POINTER_MOTION_HINT_MASK | GDK_BUTTON_PRESS_MASK | GDK_BUTTON_RELEASE_MASK</property>
                                    <signal handler="on_second_urls_browse_clicked" name="clicked"/>
                                    <child>
                                      <object class="GtkImage" id="image7">
                                        <property name="visible">True</property>
                                        <property name="events">GDK_POINTER_MOTION_MASK | GDK_POINTER_MOTION_HINT_MASK | GDK_BUTTON_PRESS_MASK | GDK_BUTTON_RELEASE_MASK</property>
                                        <property name="stock">gtk-zoom-fit</property>
                                        <property name="icon-size">1</property>
                                      </object>
                                    </child>
                                  </object>
                                  <packing>
                                    <property name="expand">False</property>
                                    <property name="fill">False</property>
                                    <property name="position">1</property>
                                  </packing>
                                </child>
                              </object>
                              <packing>
                                <property name="position">1</property>
                              </packing>
                            </child>
                          </object>
                          <packing>
                            <property name="expand">False</property>
                            <property name="fill">False</property>
                            <property name="position">0</property>
                          </packing>
                        </child>
                        <child>
                          <object class="GtkHBox" id="hbox17">
                            <property name="visible">True</property>
                            <property name="events">GDK_POINTER_MOTION_MASK | GDK_POINTER_MOTION_HINT_MASK | GDK_BUTTON_PRESS_MASK | GDK_BUTTON_RELEASE_MASK</property>
                            <child>
                              <object class="GtkLabel" id="label11">
                                <property name="width_request">100</property>
                                <property name="visible">True</property>
                                <property name="events">GDK_POINTER_MOTION_MASK | GDK_POINTER_MOTION_HINT_MASK | GDK_BUTTON_PRESS_MASK | GDK_BUTTON_RELEASE_MASK</property>
                                <property name="xalign">0</property>
                                <property name="label" translatable="yes">Revision</property>
                              </object>
                              <packing>
                                <property name="expand">False</property>
                                <property name="fill">False</property>
                                <property name="position">0</property>
                              </packing>
                            </child>
                            <child>
                              <object class="GtkHBox" id="second_revision_container">
                                <property name="visible">True</property>
                                <child>
                                  <placeholder/>
                                </child>
                              </object>
                              <packing>
                                <property name="position">1</property>
                              </packing>
                            </child>
                          </object>
                          <packing>
                            <property name="expand">False</property>
                            <property name="fill">False</property>
                            <property name="position">1</property>
                          </packing>
                        </child>
                      </object>
                    </child>
                  </object>
                  <packing>
                    <property name="expand">False</property>
                    <property name="fill">False</property>
                    <property name="position">1</property>
                  </packing>
                </child>
              </object>
              <packing>
                <property name="expand">False</property>
                <property name="fill">False</property>
                <property name="position">1</property>
              </packing>
            </child>
            <child>
              <object class="GtkVBox" id="vbox5">
                <property name="visible">True</property>
                <property name="orientation">vertical</property>
                <property name="spacing">6</property>
                <child>
                  <object class="GtkHBox" id="hbox5">
                    <property name="visible">True</property>
                    <child>
                      <object class="GtkLabel" id="label4">
                        <property name="visible">True</property>
                        <property name="xalign">0</property>
                        <property name="label" translatable="yes">&lt;b&gt;Differences&lt;/b&gt; (double-click to compare with base)</property>
                        <property name="use_markup">True</property>
                      </object>
                      <packing>
                        <property name="expand">False</property>
                        <property name="fill">False</property>
                        <property name="position">0</property>
                      </packing>
                    </child>
                  </object>
                  <packing>
                    <property name="expand">False</property>
                    <property name="fill">False</property>
                    <property name="position">0</property>
                  </packing>
                </child>
                <child>
                  <object class="GtkHBox" id="hbox19">
                    <property name="visible">True</property>
                    <property name="events">GDK_POINTER_MOTION_MASK | GDK_POINTER_MOTION_HINT_MASK | GDK_BUTTON_PRESS_MASK | GDK_BUTTON_RELEASE_MASK</property>
                    <property name="spacing">4</property>
                    <child>
                      <object class="GtkScrolledWindow" id="scrolledwindow1">
                        <property name="visible">True</property>
                        <property name="can_focus">True</property>
                        <property name="events">GDK_POINTER_MOTION_MASK | GDK_POINTER_MOTION_HINT_MASK | GDK_BUTTON_PRESS_MASK | GDK_BUTTON_RELEASE_MASK</property>
                        <property name="hscrollbar_policy">automatic</property>
                        <property name="vscrollbar_policy">automatic</property>
                        <property name="shadow_type">etched-in</property>
                        <child>
                          <object class="GtkTreeView" id="changes_table">
                            <property name="visible">True</property>
                            <property name="can_focus">True</property>
                            <property name="events">GDK_POINTER_MOTION_MASK | GDK_POINTER_MOTION_HINT_MASK | GDK_BUTTON_PRESS_MASK | GDK_BUTTON_RELEASE_MASK</property>
                            <!--<signal handler="on_changes_table_button_pressed" name="button_press_event"/>-->
                            <signal handler="on_changes_table_cursor_changed" name="cursor_changed"/>
                            <signal handler="on_changes_table_row_doubleclicked" name="row_activated"/>
                            <!--<signal handler="on_changes_table_key_released" name="key_release_event"/>-->
                          </object>
                        </child>
                      </object>
                      <packing>
                        <property name="position">0</property>
                      </packing>
                    </child>
                  </object>
                  <packing>
                    <property name="position">1</property>
                  </packing>
                </child>
              </object>
              <packing>
                <property name="position">2</property>
              </packing>
            </child>
          </object>
          <packing>
            <property name="position">0</property>
          </packing>
        </child>
        <child>
          <object class="GtkHBox" id="hbox4">
            <property name="visible">True</property>
            <child>
              <object class="GtkComboBox" id="more_actions">
                <property name="visible">True</property>
                <property name="sensitive">False</property>
                <signal handler="on_more_actions_changed" name="changed"/>
              </object>
              <packing>
                <property name="expand">False</property>
                <property name="fill">False</property>
                <property name="position">0</property>
              </packing>
            </child>
            <child>
              <object class="GtkHButtonBox" id="hbuttonbox1">
                <property name="visible">True</property>
                <property name="events">GDK_POINTER_MOTION_MASK | GDK_POINTER_MOTION_HINT_MASK | GDK_BUTTON_PRESS_MASK | GDK_BUTTON_RELEASE_MASK</property>
                <property name="spacing">6</property>
                <property name="layout_style">end</property>
                <child>
                  <object class="GtkButton" id="refresh">
                    <property name="visible">True</property>
                    <property name="can_focus">True</property>
                    <property name="receives_default">True</property>
                    <signal handler="on_refresh_clicked" name="clicked"/>
                    <child>
                      <object class="GtkHBox" id="hbox6">
                        <property name="visible">True</property>
                        <property name="events">GDK_POINTER_MOTION_MASK | GDK_POINTER_MOTION_HINT_MASK | GDK_BUTTON_PRESS_MASK | GDK_BUTTON_RELEASE_MASK</property>
                        <child>
                          <object class="GtkImage" id="image2">
                            <property name="visible">True</property>
                            <property name="events">GDK_POINTER_MOTION_MASK | GDK_POINTER_MOTION_HINT_MASK | GDK_BUTTON_PRESS_MASK | GDK_BUTTON_RELEASE_MASK</property>
                            <property name="stock">gtk-refresh</property>
                          </object>
                          <packing>
                            <property name="position">0</property>
                          </packing>
                        </child>
                        <child>
                          <object class="GtkLabel" id="label5">
                            <property name="visible">True</property>
                            <property name="events">GDK_POINTER_MOTION_MASK | GDK_POINTER_MOTION_HINT_MASK | GDK_BUTTON_PRESS_MASK | GDK_BUTTON_RELEASE_MASK</property>
                            <property name="label" translatable="yes">Load/Refresh</property>
                          </object>
                          <packing>
                            <property name="position">1</property>
                          </packing>
                        </child>
                      </object>
                    </child>
                  </object>
                  <packing>
                    <property name="expand">False</property>
                    <property name="fill">False</property>
                    <property name="position">0</property>
                  </packing>
                </child>
                <child>
                  <object class="GtkButton" id="close">
                    <property name="label">gtk-close</property>
                    <property name="visible">True</property>
                    <property name="can_focus">True</property>
                    <property name="receives_default">True</property>
                    <property name="events">GDK_POINTER_MOTION_MASK | GDK_POINTER_MOTION_HINT_MASK | GDK_BUTTON_PRESS_MASK | GDK_BUTTON_RELEASE_MASK</property>
                    <property name="use_stock">True</property>
                    <signal handler="on_close_clicked" name="clicked"/>
                  </object>
                  <packing>
                    <property name="expand">False</property>
                    <property name="fill">False</property>
                    <property name="position">1</property>
                  </packing>
                </child>
              </object>
              <packing>
                <property name="expand">False</property>
                <property name="fill">False</property>
                <property name="pack_type">end</property>
                <property name="position">1</property>
              </packing>
            </child>
          </object>
          <packing>
            <property name="expand">False</property>
            <property name="fill">False</property>
            <property name="position">1</property>
          </packing>
        </child>
      </object>
    </child>
  </object>
</interface>
