<?xml version="1.0"?>
<interface>
  <!-- interface-requires gtk+ 2.16 -->
  <!-- interface-naming-policy toplevel-contextual -->
  <object class="GtkWindow" id="Checkout">
    <property name="width_request">550</property>
    <property name="visible">True</property>
    <property name="title" translatable="yes">Checkout</property>
    <property name="window_position">center</property>
    <property name="default_width">450</property>
    <property name="icon_name">rabbitvcs-small</property>
    <signal handler="on_destroy" name="destroy"/>
    <signal handler="on_key_pressed" name="key_press_event"/>
    <child>
      <object class="GtkVBox" id="vbox2">
        <property name="visible">True</property>
        <property name="border_width">12</property>
        <property name="orientation">vertical</property>
        <property name="spacing">18</property>
        <child>
          <object class="GtkVBox" id="vbox3">
            <property name="visible">True</property>
            <property name="orientation">vertical</property>
            <property name="spacing">6</property>
            <child>
              <object class="GtkLabel" id="label2">
                <property name="visible">True</property>
                <property name="xalign">0</property>
                <property name="label" translatable="yes">&lt;b&gt;Repository&lt;/b&gt;</property>
                <property name="use_markup">True</property>
              </object>
              <packing>
                <property name="expand">False</property>
                <property name="fill">False</property>
                <property name="position">0</property>
              </packing>
            </child>
            <child>
              <object class="GtkAlignment" id="alignment1">
                <property name="visible">True</property>
                <property name="left_padding">12</property>
                <child>
                  <object class="GtkVBox" id="vbox1">
                    <property name="visible">True</property>
                    <property name="orientation">vertical</property>
                    <property name="spacing">6</property>
                    <child>
                      <object class="GtkHBox" id="hbox2">
                        <property name="visible">True</property>
                        <property name="spacing">6</property>
                        <child>
                          <object class="GtkLabel" id="label3">
                            <property name="width_request">90</property>
                            <property name="visible">True</property>
                            <property name="xalign">0</property>
                            <property name="label" translatable="yes">URL:</property>
                          </object>
                          <packing>
                            <property name="expand">False</property>
                            <property name="fill">False</property>
                            <property name="position">0</property>
                          </packing>
                        </child>
                        <child>
                          <object class="GtkComboBoxEntry" id="repositories">
                            <property name="visible">True</property>
                            <signal handler="on_repositories_changed" name="changed"/>
                          </object>
                          <packing>
                            <property name="position">1</property>
                          </packing>
                        </child>
                        <child>
                          <object class="GtkButton" id="repo_chooser">
                            <property name="visible">True</property>
                            <property name="can_focus">True</property>
                            <property name="receives_default">True</property>
                            <property name="has_tooltip">True</property>
                            <property name="tooltip-text" translatable="yes">Browse...</property>
                            <signal handler="on_repo_chooser_clicked" name="clicked"/>
                            <child>
                              <object class="GtkImage" id="image3">
                                <property name="visible">True</property>
                                <property name="stock">gtk-find</property>
                                <property name="icon-size">1</property>
                              </object>
                            </child>
                          </object>
                          <packing>
                            <property name="expand">False</property>
                            <property name="fill">False</property>
                            <property name="position">2</property>
                          </packing>
                        </child>
                      </object>
                      <packing>
                        <property name="expand">False</property>
                        <property name="fill">False</property>
                        <property name="position">0</property>
                      </packing>
                    </child>
                    <child>
                      <object class="GtkHBox" id="hbox3">
                        <property name="visible">True</property>
                        <property name="spacing">6</property>
                        <child>
                          <object class="GtkLabel" id="label4">
                            <property name="width_request">90</property>
                            <property name="visible">True</property>
                            <property name="xalign">0</property>
                            <property name="label" translatable="yes">Destination:</property>
                          </object>
                          <packing>
                            <property name="expand">False</property>
                            <property name="fill">False</property>
                            <property name="position">0</property>
                          </packing>
                        </child>
                        <child>
                          <object class="GtkEntry" id="destination">
                            <property name="visible">True</property>
                            <property name="can_focus">True</property>
                            <signal handler="on_destination_changed" name="changed"/>
                            <signal handler="on_destination_key_released" name="key_release_event"/>
                          </object>
                          <packing>
                            <property name="position">1</property>
                          </packing>
                        </child>
                        <child>
                          <object class="GtkButton" id="file_chooser">
                            <property name="visible">True</property>
                            <property name="can_focus">True</property>
                            <property name="receives_default">True</property>
                            <property name="tooltip-text" translatable="yes">Browse...</property>
                            <signal handler="on_file_chooser_clicked" name="clicked"/>
                            <child>
                              <object class="GtkImage" id="image2">
                                <property name="visible">True</property>
                                <property name="stock">gtk-harddisk</property>
                                <property name="icon-size">2</property>
                              </object>
                            </child>
                          </object>
                          <packing>
                            <property name="expand">False</property>
                            <property name="fill">False</property>
                            <property name="position">2</property>
                          </packing>
                        </child>
                      </object>
                      <packing>
                        <property name="position">1</property>
                      </packing>
                    </child>
                  </object>
                </child>
              </object>
              <packing>
                <property name="expand">False</property>
                <property name="fill">False</property>
                <property name="position">1</property>
              </packing>
            </child>
          </object>
          <packing>
            <property name="position">0</property>
          </packing>
        </child>
        <child>
          <object class="GtkVBox" id="options_box">
            <property name="orientation">vertical</property>
            <property name="spacing">6</property>
            <child>
              <object class="GtkLabel" id="label1">
                <property name="visible">True</property>
                <property name="xalign">0</property>
                <property name="label" translatable="yes">&lt;b&gt;Options&lt;/b&gt;</property>
                <property name="use_markup">True</property>
              </object>
              <packing>
                <property name="position">0</property>
              </packing>
            </child>
            <child>
              <object class="GtkAlignment" id="alignment2">
                <property name="visible">True</property>
                <property name="left_padding">12</property>
                <child>
                  <object class="GtkVBox" id="vbox4">
                    <property name="visible">True</property>
                    <property name="orientation">vertical</property>
                    <property name="spacing">6</property>
                    <child>
                      <object class="GtkCheckButton" id="recursive">
                        <property name="label" translatable="yes">Recursive</property>
                        <property name="visible">True</property>
                        <property name="can_focus">True</property>
                        <property name="receives_default">False</property>
                        <property name="active">True</property>
                        <property name="draw_indicator">True</property>
                      </object>
                      <packing>
                        <property name="position">0</property>
                      </packing>
                    </child>
                    <child>
                      <object class="GtkCheckButton" id="omit_externals">
                        <property name="label" translatable="yes">Omit Externals</property>
                        <property name="visible">True</property>
                        <property name="can_focus">True</property>
                        <property name="receives_default">False</property>
                        <property name="draw_indicator">True</property>
                      </object>
                      <packing>
                        <property name="position">1</property>
                      </packing>
                    </child>
                  </object>
                </child>
              </object>
              <packing>
                <property name="expand">False</property>
                <property name="fill">False</property>
                <property name="position">1</property>
              </packing>
            </child>
          </object>
          <packing>
            <property name="expand">False</property>
            <property name="fill">False</property>
            <property name="position">1</property>
          </packing>
        </child>
        <child>
          <object class="GtkVBox" id="revision_selector_box">
            <property name="orientation">vertical</property>
            <property name="spacing">6</property>
            <child>
              <object class="GtkLabel" id="label5">
                <property name="visible">True</property>
                <property name="xalign">0</property>
                <property name="label" translatable="yes">&lt;b&gt;Revision&lt;/b&gt;</property>
                <property name="use_markup">True</property>
              </object>
              <packing>
                <property name="expand">False</property>
                <property name="fill">False</property>
                <property name="position">0</property>
              </packing>
            </child>
            <child>
              <object class="GtkAlignment" id="revision_container">
                <property name="visible">True</property>
                <property name="left_padding">12</property>
                <child>
                  <placeholder/>
                </child>
              </object>
              <packing>
                <property name="expand">False</property>
                <property name="fill">False</property>
                <property name="position">1</property>
              </packing>
            </child>
          </object>
          <packing>
            <property name="expand">False</property>
            <property name="fill">False</property>
            <property name="position">2</property>
          </packing>
        </child>
        <child>
          <object class="GtkHButtonBox" id="hbuttonbox1">
            <property name="visible">True</property>
            <property name="spacing">6</property>
            <property name="layout_style">end</property>
            <child>
              <object class="GtkButton" id="cancel">
                <property name="label">gtk-cancel</property>
                <property name="visible">True</property>
                <property name="can_focus">True</property>
                <property name="receives_default">True</property>
                <property name="use_stock">True</property>
                <signal handler="on_cancel_clicked" name="clicked"/>
              </object>
              <packing>
                <property name="expand">False</property>
                <property name="fill">False</property>
                <property name="position">0</property>
              </packing>
            </child>
            <child>
              <object class="GtkButton" id="ok">
                <property name="label">gtk-ok</property>
                <property name="visible">True</property>
                <property name="sensitive">False</property>
                <property name="can_focus">True</property>
                <property name="receives_default">True</property>
                <property name="use_stock">True</property>
                <signal handler="on_ok_clicked" name="clicked"/>
              </object>
              <packing>
                <property name="expand">False</property>
                <property name="fill">False</property>
                <property name="position">1</property>
              </packing>
            </child>
          </object>
          <packing>
            <property name="expand">False</property>
            <property name="fill">False</property>
            <property name="position">3</property>
          </packing>
        </child>
      </object>
    </child>
  </object>
</interface>
