<?xml version="1.0"?>
<interface>
  <!-- interface-requires gtk+ 2.6 -->
  <!-- interface-naming-policy toplevel-contextual -->
  <object class="GtkWindow" id="CheckMods">
    <property name="width_request">550</property>
    <property name="height_request">300</property>
    <property name="visible">True</property>
    <property name="title" translatable="yes">Check for Modifications</property>
    <property name="window_position">center</property>
    <property name="default_width">400</property>
    <property name="default_height">300</property>
    <property name="icon_name">rabbitvcs-small</property>
    <property name="gravity">center</property>
    <signal handler="on_destroy" name="destroy"/>
    <signal handler="on_key_pressed" name="key_press_event"/>
    <child>
      <object class="GtkVBox" id="vbox1">
        <property name="visible">True</property>
        <property name="border_width">12</property>
        <property name="spacing">18</property>
        <child>
          <object class="GtkNotebook" id="notebook">
            <property name="visible">True</property>
            <property name="can_focus">True</property>
            <signal handler="on_notebook_switch_page" name="switch_page"/>
            <child>
              <object class="GtkScrolledWindow" id="scrolledwindow1">
                <property name="visible">True</property>
                <property name="can_focus">True</property>
                <property name="hscrollbar_policy">automatic</property>
                <property name="vscrollbar_policy">automatic</property>
                <property name="shadow_type">etched-in</property>
                <child>
                  <object class="GtkTreeView" id="local_files_table">
                    <property name="visible">True</property>
                    <property name="can_focus">True</property>
                  </object>
                </child>
              </object>
            </child>
            <child type="tab">
              <object class="GtkLabel" id="local_mods">
                <property name="visible">True</property>
                <property name="label" translatable="yes">Local</property>
              </object>
              <packing>
                <property name="tab_fill">False</property>
              </packing>
            </child>
            <child>
              <object class="GtkScrolledWindow" id="scrolledwindow2">
                <property name="visible">True</property>
                <property name="can_focus">True</property>
                <property name="hscrollbar_policy">automatic</property>
                <property name="vscrollbar_policy">automatic</property>
                <child>
                  <object class="GtkTreeView" id="remote_files_table">
                    <property name="visible">True</property>
                    <property name="can_focus">True</property>
                  </object>
                </child>
              </object>
            </child>
            <child type="tab">
              <object class="GtkLabel" id="remote_mods">
                <property name="visible">True</property>
                <property name="label" translatable="yes">Remote</property>
              </object>
              <packing>
                <property name="position">1</property>
                <property name="tab_fill">False</property>
              </packing>
            </child>
            <child>
              <placeholder/>
            </child>
            <child type="tab">
              <placeholder/>
            </child>
          </object>
          <packing>
            <property name="position">0</property>
          </packing>
        </child>
        <child>
          <object class="GtkHButtonBox" id="hbuttonbox2">
            <property name="visible">True</property>
            <property name="spacing">6</property>
            <property name="layout_style">end</property>
            <child>
              <object class="GtkButton" id="refresh">
                <property name="label">gtk-refresh</property>
                <property name="visible">True</property>
                <property name="can_focus">True</property>
                <property name="receives_default">True</property>
                <property name="use_stock">True</property>
                <signal handler="on_refresh_clicked" name="clicked"/>
              </object>
              <packing>
                <property name="expand">False</property>
                <property name="fill">False</property>
                <property name="position">0</property>
              </packing>
            </child>
            <child>
              <object class="GtkButton" id="close">
                <property name="label">gtk-close</property>
                <property name="visible">True</property>
                <property name="can_focus">True</property>
                <property name="receives_default">True</property>
                <property name="use_stock">True</property>
                <signal handler="on_close_clicked" name="clicked"/>
              </object>
              <packing>
                <property name="expand">False</property>
                <property name="fill">False</property>
                <property name="position">1</property>
              </packing>
            </child>
          </object>
          <packing>
            <property name="expand">False</property>
            <property name="fill">False</property>
            <property name="pack_type">end</property>
            <property name="position">1</property>
          </packing>
        </child>
      </object>
    </child>
  </object>
</interface>
