<?xml version="1.0"?>
<interface>
  <!-- interface-requires gtk+ 2.16 -->
  <!-- interface-naming-policy toplevel-contextual -->
  <object class="GtkWindow" id="Commit">
    <property name="visible">True</property>
    <property name="title" translatable="yes">Commit</property>
    <property name="window_position">center</property>
    <property name="default_width">640</property>
    <property name="default_height">640</property>
    <property name="icon_name">rabbitvcs-small</property>
    <signal handler="on_destroy" name="destroy"/>
    <signal handler="on_key_pressed" name="key_press_event"/>
    <child>
      <object class="GtkVBox" id="vbox4">
        <property name="visible">True</property>
        <property name="border_width">12</property>
        <property name="spacing">18</property>
        <property name="orientation">vertical</property>
        <child>
          <object class="GtkHBox" id="commit_to_box">
            <property name="spacing">12</property>
            <child>
              <object class="GtkLabel" id="label7">
                <property name="width_request">100</property>
                <property name="visible">True</property>
                <property name="xalign">0</property>
                <property name="yalign">0</property>
                <property name="label" translatable="yes">&lt;b&gt;Commit to:&lt;/b&gt;</property>
                <property name="use_markup">True</property>
                <property name="wrap_mode">char</property>
              </object>
              <packing>
                <property name="expand">False</property>
                <property name="fill">False</property>
                <property name="position">0</property>
              </packing>
            </child>
            <child>
              <object class="GtkLabel" id="to">
                <property name="width_request">500</property>
                <property name="visible">True</property>
                <property name="xalign">0</property>
                <property name="wrap">True</property>
                <property name="wrap_mode">char</property>
                <property name="selectable">True</property>               
              </object>
              <packing>
                <property name="position">1</property>
              </packing>
            </child>
          </object>
          <packing>
            <property name="expand">False</property>
            <property name="fill">False</property>
            <property name="position">0</property>
          </packing>
        </child>
        <child>
          <object class="GtkVPaned" id="pane">
            <property name="visible">True</property>
            <property name="can_focus">True</property>
            <property name="border_width">6</property>  
            <child>
              <object class="GtkVBox" id="add_message_box">
                <property name="visible">True</property>
                <property name="spacing">6</property>
                <property name="orientation">vertical</property>
                <child>
                  <object class="GtkLabel" id="label1">
                    <property name="visible">True</property>
                    <property name="xalign">0</property>
                    <property name="label" translatable="yes">&lt;b&gt;Add Message&lt;/b&gt;</property>
                    <property name="use_markup">True</property>
                  </object>
                  <packing>
                    <property name="expand">False</property>
                    <property name="fill">False</property>
                    <property name="position">0</property>
                  </packing>
                </child>
                <child>
                  <object class="GtkAlignment" id="alignment3">
                    <property name="visible">True</property>
                    <property name="left_padding">12</property>
                    <child>
                      <object class="GtkVBox" id="vbox6">
                        <property name="visible">True</property>
                        <property name="spacing">6</property>
                        <property name="orientation">vertical</property>
                        <child>
                          <object class="GtkHButtonBox" id="hbuttonbox4">
                            <property name="width_request">0</property>
                            <property name="visible">True</property>
                            <property name="layout_style">start</property>
                            <child>
                              <object class="GtkButton" id="previous_messages">
                                <property name="label" translatable="yes">Previous Messages</property>
                                <property name="visible">True</property>
                                <property name="can_focus">True</property>
                                <property name="receives_default">True</property>
                                <signal handler="on_previous_messages_clicked" name="clicked"/>
                              </object>
                              <packing>
                                <property name="expand">False</property>
                                <property name="fill">False</property>
                                <property name="position">0</property>
                              </packing>
                            </child>
                          </object>
                          <packing>
                            <property name="expand">False</property>
                            <property name="fill">False</property>
                            <property name="position">0</property>
                          </packing>
                        </child>
                        <child>
                          <object class="GtkScrolledWindow" id="scrolledwindow3">
                            <property name="visible">True</property>
                            <property name="can_focus">True</property>
                            <property name="hscrollbar_policy">automatic</property>
                            <property name="vscrollbar_policy">automatic</property>
                            <property name="shadow_type">etched-in</property>
                            <child>
                              <object class="GtkTextView" id="message">
                                <property name="visible">True</property>
                                <property name="can_focus">True</property>
                                <property name="has_focus">True</property>
                                <property name="pixels_below_lines">7</property>
                                <property name="wrap_mode">word</property>
                                <property name="accepts_tab">False</property>
                              </object>
                            </child>
                          </object>
                          <packing>
                            <property name="position">-1</property>
                          </packing>
                        </child>
                      </object>
                    </child>
                  </object>
                  <packing>
                    <property name="position">1</property>
                  </packing>
                </child>
              </object>
              <packing>
                <property name="resize">False</property>
                <property name="shrink">True</property>
              </packing>
            </child>
            <child>
              <object class="GtkVBox" id="vbox2">
                <property name="visible">True</property>
                <property name="spacing">6</property>
                <property name="orientation">vertical</property>
                <child>
                  <object class="GtkLabel" id="label2">
                    <property name="visible">True</property>
                    <property name="xalign">0</property>
                    <property name="label" translatable="yes">&lt;b&gt;Changed Files&lt;/b&gt; (double-click to compare with base)</property>
                    <property name="use_markup">True</property>
                  </object>
                  <packing>
                    <property name="expand">False</property>
                    <property name="fill">False</property>
                    <property name="position">0</property>
                  </packing>
                </child>
                <child>
                  <object class="GtkAlignment" id="alignment1">
                    <property name="visible">True</property>
                    <property name="left_padding">12</property>
                    <child>
                      <object class="GtkVBox" id="vbox3">
                        <property name="visible">True</property>
                        <property name="spacing">6</property>
                        <property name="orientation">vertical</property>
                        <child>
                          <object class="GtkScrolledWindow" id="scrolledwindow2">
                            <property name="visible">True</property>
                            <property name="can_focus">True</property>
                            <property name="hscrollbar_policy">automatic</property>
                            <property name="vscrollbar_policy">automatic</property>
                            <property name="shadow_type">etched-in</property>
                            <child>
                              <object class="GtkTreeView" id="files_table">
                                <property name="visible">True</property>
                                <property name="can_focus">True</property>
                              </object>
                            </child>
                          </object>
                          <packing>
                            <property name="position">0</property>
                          </packing>
                        </child>
                        <child>
                          <object class="GtkVBox" id="options_box">
                            <property name="visible">True</property>
                            <property name="orientation">vertical</property>
                            <child>
                              <object class="GtkCheckButton" id="toggle_show_all">
                                <property name="label" translatable="yes">Select / Deselect all</property>
                                <property name="visible">True</property>
                                <property name="can_focus">True</property>
                                <property name="receives_default">False</property>
                                <property name="draw_indicator">True</property>
                                <signal handler="on_toggle_show_all_toggled" name="toggled"/>
                              </object>
                              <packing>
                                <property name="expand">False</property>
                                <property name="fill">False</property>
                                <property name="position">0</property>
                              </packing>
                            </child>
                            <child>
                              <object class="GtkCheckButton" id="toggle_show_unversioned">
                                <property name="label" translatable="yes">Show unversioned files</property>
                                <property name="visible">True</property>
                                <property name="can_focus">True</property>
                                <property name="receives_default">False</property>
                                <property name="active">True</property>
                                <property name="draw_indicator">True</property>
                                <signal handler="on_toggle_show_unversioned_toggled" name="toggled"/>
                              </object>
                              <packing>
                                <property name="expand">False</property>
                                <property name="fill">False</property>
                                <property name="position">1</property>
                              </packing>
                            </child>
                          </object>
                          <packing>
                            <property name="expand">False</property>
                            <property name="fill">False</property>
                            <property name="position">1</property>
                          </packing>
                        </child>
                      </object>
                    </child>
                  </object>
                  <packing>
                    <property name="position">1</property>
                  </packing>
                </child>
              </object>
              <packing>
                <property name="resize">False</property>
                <property name="shrink">True</property>
              </packing>
            </child>             
          </object>
          
        </child>
        <child>
          <object class="GtkHBox" id="hbox1">
            <property name="spacing">6</property>
            <property name="visible">True</property>
            <child>
              <object class="GtkLabel" id="status">
                <property name="visible">True</property>
                <property name="xalign">0</property>
                <property name="selectable">True</property>
              </object>
              <packing>
                <property name="expand">False</property>
                <property name="fill">False</property>
                <property name="position">0</property>
              </packing>
            </child>
            <child>
              <object class="GtkButton" id="refresh">
                <property name="visible">True</property>
                <property name="can_focus">True</property>
                <property name="receives_default">True</property>
                <property name="tooltip-text" translatable="yes">Refresh</property>
                <signal handler="on_refresh_clicked" name="clicked"/>
                <child>
                  <object class="GtkImage" id="image1">
                    <property name="visible">True</property>
                    <property name="stock">gtk-refresh</property>
                  </object>
                </child>
              </object>
              <packing>
                <property name="expand">False</property>
                <property name="fill">False</property>
                <property name="position">0</property>
              </packing>
            </child>            
            <child>
              <object class="GtkHButtonBox" id="hbuttonbox3">
                <property name="visible">True</property>
                <property name="spacing">6</property>
                <property name="layout_style">end</property>
                <child>
                  <object class="GtkButton" id="cancel">
                    <property name="label">gtk-cancel</property>
                    <property name="visible">True</property>
                    <property name="can_focus">True</property>
                    <property name="receives_default">True</property>
                    <property name="use_stock">True</property>
                    <signal handler="on_cancel_clicked" name="clicked"/>
                  </object>
                  <packing>
                    <property name="expand">False</property>
                    <property name="fill">False</property>
                    <property name="position">0</property>
                  </packing>
                </child>
                <child>
                  <object class="GtkButton" id="ok">
                    <property name="label">gtk-ok</property>
                    <property name="visible">True</property>
                    <property name="can_focus">True</property>
                    <property name="receives_default">True</property>
                    <property name="use_stock">True</property>
                    <signal handler="on_ok_clicked" name="clicked"/>
                  </object>
                  <packing>
                    <property name="expand">False</property>
                    <property name="fill">False</property>
                    <property name="position">1</property>
                  </packing>
                </child>
              </object>
              <packing>
                <property name="expand">False</property>
                <property name="fill">False</property>
                <property name="pack_type">end</property>
                <property name="position">1</property>
              </packing>
            </child>
          </object>
          <packing>
            <property name="expand">False</property>
            <property name="fill">False</property>
            <property name="position">3</property>
          </packing>
        </child>
      </object>
    </child>
  </object>
</interface>
