<?xml version="1.0"?>
<interface>
  <!-- interface-requires gtk+ 2.14 -->
  <!-- interface-naming-policy project-wide -->
  <object class="GtkWindow" id="Ignore">
    <property name="visible">True</property>
    <property name="title" translatable="yes">Ignore</property>
    <property name="window_position">center-always</property>
    <property name="icon_name">rabbitvcs</property>
    <signal handler="on_destroy" name="destroy"/>
    <signal handler="on_key_pressed" name="key_press_event"/>
    <child>
      <object class="GtkVBox" id="vbox1">
        <property name="visible">True</property>
        <property name="border_width">12</property>
        <property name="orientation">vertical</property>
        <property name="spacing">18</property>
        <child>
          <object class="GtkVBox" id="vbox2">
            <property name="visible">True</property>
            <property name="orientation">vertical</property>
            <property name="spacing">6</property>
            <child>
              <object class="GtkLabel" id="label1">
                <property name="visible">True</property>
                <property name="xalign">0</property>
                <property name="yalign">0</property>
                <property name="label" translatable="yes">&lt;b&gt;Ignore and exclude files from being tracked&lt;/b&gt;</property>
                <property name="use_markup">True</property>
              </object>
              <packing>
                <property name="expand">False</property>
                <property name="fill">False</property>
                <property name="position">0</property>
              </packing>
            </child>
            <child>
              <object class="GtkAlignment" id="fileeditor_container">
                <property name="visible">True</property>
                <property name="left_padding">12</property>
                <child>
                  <placeholder/>
                </child>
              </object>
              <packing>
                <property name="position">1</property>
              </packing>
            </child>
          </object>
          <packing>
            <property name="position">0</property>
          </packing>
        </child>
        <child>
          <object class="GtkHButtonBox" id="hbuttonbox1">
            <property name="visible">True</property>
            <property name="spacing">6</property>
            <property name="layout_style">end</property>
            <child>
              <object class="GtkButton" id="cancel">
                <property name="label">gtk-cancel</property>
                <property name="visible">True</property>
                <property name="can_focus">True</property>
                <property name="receives_default">True</property>
                <property name="use_stock">True</property>
                <signal handler="on_cancel_clicked" name="clicked"/>
              </object>
              <packing>
                <property name="expand">False</property>
                <property name="fill">False</property>
                <property name="position">0</property>
              </packing>
            </child>
            <child>
              <object class="GtkButton" id="ok">
                <property name="label">gtk-ok</property>
                <property name="visible">True</property>
                <property name="can_focus">True</property>
                <property name="receives_default">True</property>
                <property name="use_stock">True</property>
                <signal handler="on_ok_clicked" name="clicked"/>
              </object>
              <packing>
                <property name="expand">False</property>
                <property name="fill">False</property>
                <property name="position">1</property>
              </packing>
            </child>
          </object>
          <packing>
            <property name="expand">False</property>
            <property name="fill">False</property>
            <property name="position">1</property>
          </packing>
        </child>
      </object>
    </child>
  </object>
</interface>
