<?xml version="1.0"?>
<!--Generated with glade3 3.4.5 on Thu Jan 29 16:44:40 2009 -->
<interface>
  <object class="GtkWindow" id="Import">
    <property name="width_request">550</property>
    <property name="visible">True</property>
    <property name="title" translatable="yes">Import</property>
    <property name="window_position">center</property>
    <property name="icon_name">rabbitvcs-small</property>
    <signal handler="on_destroy" name="destroy"/>
    <signal handler="on_key_pressed" name="key_press_event"/>
    <child>
      <object class="GtkVBox" id="vbox16">
        <property name="orientation">vertical</property>
        <property name="visible">True</property>
        <property name="border_width">12</property>
        <property name="spacing">18</property>
        <child>
          <object class="GtkVBox" id="vbox1">
            <property name="orientation">vertical</property>
            <property name="visible">True</property>
            <property name="spacing">6</property>
            <child>
              <object class="GtkLabel" id="label1">
                <property name="visible">True</property>
                <property name="xalign">0</property>
                <property name="label" translatable="yes">&lt;b&gt;Repository&lt;/b&gt;</property>
                <property name="use_markup">True</property>
              </object>
              <packing>
                <property name="expand">False</property>
                <property name="fill">False</property>
              </packing>
            </child>
            <child>
              <object class="GtkAlignment" id="alignment14">
                <property name="visible">True</property>
                <property name="left_padding">12</property>
                <child>
                  <object class="GtkVBox" id="vbox17">
                    <property name="orientation">vertical</property>
                    <property name="visible">True</property>
                    <property name="spacing">6</property>
                    <child>
                      <object class="GtkComboBoxEntry" id="repositories">
                        <property name="visible">True</property>
                        <child internal-child="entry">
                          <object class="GtkEntry" id="repository">
                            <property name="visible">True</property>
                            <property name="can_focus">True</property>
                          </object>
                        </child>
                      </object>
                    </child>
                  </object>
                </child>
              </object>
              <packing>
                <property name="expand">False</property>
                <property name="fill">False</property>
                <property name="position">1</property>
              </packing>
            </child>
          </object>
        </child>
        <child>
          <object class="GtkVBox" id="vbox2">
            <property name="orientation">vertical</property>
            <property name="visible">True</property>
            <property name="spacing">6</property>
            <child>
              <object class="GtkLabel" id="label2">
                <property name="visible">True</property>
                <property name="xalign">0</property>
                <property name="label" translatable="yes">&lt;b&gt;Import Message&lt;/b&gt;</property>
                <property name="use_markup">True</property>
              </object>
              <packing>
                <property name="expand">False</property>
                <property name="fill">False</property>
              </packing>
            </child>
            <child>
              <object class="GtkAlignment" id="alignment1">
                <property name="visible">True</property>
                <property name="left_padding">12</property>
                <child>
                  <object class="GtkVBox" id="vbox18">
                    <property name="orientation">vertical</property>
                    <property name="visible">True</property>
                    <property name="spacing">6</property>
                    <child>
                      <object class="GtkHButtonBox" id="hbuttonbox12">
                        <property name="visible">True</property>
                        <property name="layout_style">GTK_BUTTONBOX_START</property>
                        <child>
                          <object class="GtkButton" id="previous_messages">
                            <property name="visible">True</property>
                            <property name="can_focus">True</property>
                            <property name="receives_default">True</property>
                            <property name="label" translatable="yes">Previous Messages</property>
                            <signal handler="on_previous_messages_clicked" name="clicked"/>
                          </object>
                        </child>
                      </object>
                      <packing>
                        <property name="expand">False</property>
                        <property name="fill">False</property>
                      </packing>
                    </child>
                    <child>
                      <object class="GtkScrolledWindow" id="scrolledwindow13">
                        <property name="height_request">150</property>
                        <property name="visible">True</property>
                        <property name="can_focus">True</property>
                        <property name="hscrollbar_policy">GTK_POLICY_AUTOMATIC</property>
                        <property name="vscrollbar_policy">GTK_POLICY_AUTOMATIC</property>
                        <property name="shadow_type">GTK_SHADOW_ETCHED_IN</property>
                        <child>
                          <object class="GtkTextView" id="message">
                            <property name="visible">True</property>
                            <property name="can_focus">True</property>
                            <property name="wrap_mode">GTK_WRAP_WORD</property>
                          </object>
                        </child>
                      </object>
                      <packing>
                        <property name="position">1</property>
                      </packing>
                    </child>
                    <child>
                      <object class="GtkCheckButton" id="include_ignored">
                        <property name="visible">True</property>
                        <property name="can_focus">True</property>
                        <property name="label" translatable="yes">Include ignored files</property>
                        <property name="draw_indicator">True</property>
                      </object>
                      <packing>
                        <property name="expand">False</property>
                        <property name="fill">False</property>
                        <property name="position">2</property>
                      </packing>
                    </child>
                  </object>
                </child>
              </object>
              <packing>
                <property name="expand">False</property>
                <property name="fill">False</property>
                <property name="position">1</property>
              </packing>
            </child>
          </object>
          <packing>
            <property name="position">1</property>
          </packing>
        </child>
        <child>
          <object class="GtkHButtonBox" id="hbuttonbox11">
            <property name="visible">True</property>
            <property name="spacing">6</property>
            <property name="layout_style">GTK_BUTTONBOX_END</property>
            <child>
              <object class="GtkButton" id="cancel">
                <property name="visible">True</property>
                <property name="can_focus">True</property>
                <property name="receives_default">True</property>
                <property name="label">gtk-cancel</property>
                <property name="use_stock">True</property>
                <signal handler="on_cancel_clicked" name="clicked"/>
              </object>
            </child>
            <child>
              <object class="GtkButton" id="ok">
                <property name="visible">True</property>
                <property name="can_focus">True</property>
                <property name="receives_default">True</property>
                <property name="label">gtk-ok</property>
                <property name="use_stock">True</property>
                <signal handler="on_ok_clicked" name="clicked"/>
              </object>
              <packing>
                <property name="position">1</property>
              </packing>
            </child>
          </object>
          <packing>
            <property name="expand">False</property>
            <property name="fill">False</property>
            <property name="pack_type">GTK_PACK_END</property>
            <property name="position">2</property>
          </packing>
        </child>
      </object>
    </child>
  </object>
</interface>
