<?xml version="1.0"?>
<interface>
  <!-- interface-requires gtk+ 2.6 -->
  <!-- interface-naming-policy toplevel-contextual -->
  <object class="GtkWindow" id="Log">
    <property name="width_request">775</property>
    <property name="height_request">560</property>
    <property name="visible">True</property>
    <property name="title" translatable="yes">Log</property>
    <property name="window_position">center</property>
    <property name="icon_name">rabbitvcs-small</property>
    <signal handler="on_destroy" name="destroy"/>
    <signal handler="on_key_pressed" name="key_press_event" />
    <child>
      <object class="GtkVBox" id="vbox11">
        <property name="visible">True</property>
        <property name="border_width">12</property>
        <property name="orientation">vertical</property>
        <property name="spacing">18</property>
        <child>
          <placeholder/>
        </child>
        <child>
          <object class="GtkVPaned" id="vpaned1">
            <property name="visible">True</property>
            <property name="can_focus">True</property>
            <property name="orientation">vertical</property>
            <child>
              <object class="GtkVBox" id="vbox2">
                <property name="visible">True</property>
                <property name="orientation">vertical</property>
                <property name="spacing">6</property>
                <child>
                  <object class="GtkHBox" id="hbox5">
                    <property name="visible">True</property>
                    <property name="spacing">12</property>
                    <child>
                      <object class="GtkLabel" id="label2">
                        <property name="visible">True</property>
                        <property name="xalign">0</property>
                        <property name="label" translatable="yes">&lt;b&gt;Revisions Table&lt;/b&gt;</property>
                        <property name="use_markup">True</property>
                      </object>
                      <packing>
                        <property name="expand">False</property>
                        <property name="fill">False</property>
                        <property name="position">0</property>
                      </packing>
                    </child>
                    <child>
                      <object class="GtkHBox" id="hbox-search">
                        <property name="visible">True</property>
                        <property name="can_focus">False</property>
                        <property name="border_width">1</property>
                        <property name="spacing">3</property>
                        <child>
                          <object class="GtkTextView" id="revisions_search">
                            <property name="visible">True</property>
                            <property name="border_width">1</property>
                            <property name="pixels_above_lines">3</property>
                            <property name="left_margin">4</property>
                            <property name="right_margin">3</property>
                            <property name="indent">4</property>
                            <property name="buffer">search_buffer</property>
                          </object>


                          <packing>
                            <property name="expand">True</property>
                            <property name="fill">True</property>
                            <property name="position">0</property>
                          </packing>
                        </child>
                      </object>
                      <packing>
                        <property name="expand">True</property>
                        <property name="fill">True</property>
                        <property name="position">1</property>
                      </packing>
                    </child>
                    <child>
                      <object class="GtkCheckButton" id="stop_on_copy">
                        <property name="label" translatable="yes">Stop on copy</property>
                        <property name="visible">True</property>
                        <property name="can_focus">True</property>
                        <property name="receives_default">False</property>
                        <property name="use_action_appearance">False</property>
                        <property name="draw_indicator">True</property>
                        <signal name="toggled" handler="on_stop_on_copy_toggled" swapped="no"/>
                      </object>
                      <packing>
                        <property name="expand">False</property>
                        <property name="fill">False</property>
                        <property name="pack_type">end</property>
                        <property name="position">1</property>
                      </packing>
                    </child>
                    <child>
                      <object class="GtkHBox" id="hbox6">
                        <property name="visible">True</property>
                        <property name="spacing">3</property>
                        <child>
                          <object class="GtkLabel" id="label6">
                            <property name="visible">True</property>
                            <property name="label" translatable="yes">Showing Revisions:</property>
                          </object>
                          <packing>
                            <property name="position">0</property>
                          </packing>
                        </child>
                        <child>
                          <object class="GtkLabel" id="start">
                            <property name="visible">True</property>
                            <property name="label" translatable="yes">N/A</property>
                          </object>
                          <packing>
                            <property name="position">1</property>
                          </packing>
                        </child>
                        <child>
                          <object class="GtkLabel" id="label9">
                            <property name="visible">True</property>
                            <property name="label" translatable="yes">to</property>
                          </object>
                          <packing>
                            <property name="position">2</property>
                          </packing>
                        </child>
                        <child>
                          <object class="GtkLabel" id="end">
                            <property name="visible">True</property>
                            <property name="label" translatable="yes">N/A</property>
                          </object>
                          <packing>
                            <property name="position">3</property>
                          </packing>
                        </child>
                      </object>
                      <packing>
                        <property name="expand">False</property>
                        <property name="fill">False</property>
                        <property name="pack_type">end</property>
                        <property name="position">2</property>
                      </packing>
                    </child>
                  </object>
                  <packing>
                    <property name="expand">False</property>
                    <property name="fill">False</property>
                    <property name="position">0</property>
                  </packing>
                </child>
                <child>
                  <object class="GtkAlignment" id="alignment1">
                    <property name="visible">True</property>
                    <child>
                      <object class="GtkVBox" id="vbox4">
                        <property name="visible">True</property>
                        <property name="orientation">vertical</property>
                        <property name="spacing">6</property>
                        <child>
                          <object class="GtkScrolledWindow" id="scrolledwindow7">
                            <property name="height_request">180</property>
                            <property name="visible">True</property>
                            <property name="can_focus">True</property>
                            <property name="hscrollbar_policy">automatic</property>
                            <property name="vscrollbar_policy">automatic</property>
                            <property name="shadow_type">etched-in</property>
                            <child>
                              <object class="GtkTreeView" id="revisions_table">
                                <property name="visible">True</property>
                                <property name="can_focus">True</property>
                                <property name="rubber_banding">True</property>
                              </object>
                            </child>
                          </object>
                          <packing>
                            <property name="position">0</property>
                          </packing>
                        </child>
                      </object>
                    </child>
                  </object>
                  <packing>
                    <property name="position">1</property>
                  </packing>
                </child>
              </object>
              <packing>
                <property name="resize">False</property>
                <property name="shrink">True</property>
              </packing>
            </child>
            <child>
              <object class="GtkHPaned" id="hpaned1">
                <property name="visible">True</property>
                <property name="can_focus">True</property>
                <property name="border_width">6</property>
                <child>
                  <object class="GtkVBox" id="vbox3">
                    <property name="visible">True</property>
                    <property name="orientation">vertical</property>
                    <property name="spacing">6</property>
                    <child>
                      <object class="GtkLabel" id="label3">
                        <property name="visible">True</property>
                        <property name="xalign">0</property>
                        <property name="label" translatable="yes">&lt;b&gt;Affected File(s)&lt;/b&gt; (double-click to compare with base)</property>
                        <property name="use_markup">True</property>
                      </object>
                      <packing>
                        <property name="expand">False</property>
                        <property name="fill">False</property>
                        <property name="position">0</property>
                      </packing>
                    </child>
                    <child>
                      <object class="GtkAlignment" id="alignment2">
                        <property name="visible">True</property>
                        <child>
                          <object class="GtkScrolledWindow" id="scrolledwindow8">
                            <property name="height_request">80</property>
                            <property name="visible">True</property>
                            <property name="can_focus">True</property>
                            <property name="hscrollbar_policy">automatic</property>
                            <property name="vscrollbar_policy">automatic</property>
                            <property name="shadow_type">etched-in</property>
                            <child>
                              <object class="GtkTreeView" id="paths_table">
                                <property name="visible">True</property>
                                <property name="can_focus">True</property>
                              </object>
                            </child>
                          </object>
                        </child>
                      </object>
                      <packing>
                        <property name="position">1</property>
                      </packing>
                    </child>
                  </object>
                  <packing>
                    <property name="resize">False</property>
                    <property name="shrink">True</property>
                  </packing>
                </child>
                <child>
                  <object class="GtkVBox" id="vbox1">
                    <property name="visible">True</property>
                    <property name="orientation">vertical</property>
                    <property name="spacing">6</property>
                    <child>
                      <object class="GtkLabel" id="label1">
                        <property name="visible">True</property>
                        <property name="xalign">0</property>
                        <property name="label" translatable="yes">&lt;b&gt;Message&lt;/b&gt;</property>
                        <property name="use_markup">True</property>
                      </object>
                      <packing>
                        <property name="expand">False</property>
                        <property name="fill">False</property>
                        <property name="position">0</property>
                      </packing>
                    </child>
                    <child>
                      <object class="GtkAlignment" id="alignment9">
                        <property name="visible">True</property>
                        <child>
                          <object class="GtkScrolledWindow" id="scrolledwindow9">
                            <property name="height_request">80</property>
                            <property name="visible">True</property>
                            <property name="can_focus">True</property>
                            <property name="hscrollbar_policy">automatic</property>
                            <property name="vscrollbar_policy">automatic</property>
                            <property name="shadow_type">etched-in</property>
                            <child>
                              <object class="GtkTextView" id="message">
                                <property name="visible">True</property>
                                <property name="can_focus">True</property>
                                <property name="editable">False</property>
                                <property name="wrap_mode">word</property>
                              </object>
                            </child>
                          </object>
                        </child>
                      </object>
                      <packing>
                        <property name="position">1</property>
                      </packing>
                    </child>
                  </object>
                  <packing>
                    <property name="resize">True</property>
                    <property name="shrink">True</property>
                  </packing>
                </child>
              </object>
              <packing>
                <property name="resize">False</property>
                <property name="shrink">True</property>
              </packing>
            </child>
          </object>
          <packing>
            <property name="position">2</property>
          </packing>
        </child>
        <child>
          <object class="GtkHBox" id="hbox3">
            <property name="visible">True</property>
            <property name="spacing">12</property>
            <child>
              <object class="GtkHBox" id="hbox8">
                <property name="visible">True</property>
                <property name="spacing">6</property>
                <child>
                  <object class="GtkHButtonBox" id="hbuttonbox1">
                    <property name="visible">True</property>
                    <property name="spacing">6</property>
                    <property name="layout_style">start</property>
                    <child>
                      <object class="GtkButton" id="previous">
                        <property name="label">gtk-go-back</property>
                        <property name="visible">True</property>
                        <property name="sensitive">False</property>
                        <property name="can_focus">True</property>
                        <property name="receives_default">True</property>
                        <property name="use_stock">True</property>
                        <signal handler="on_previous_clicked" name="clicked"/>
                      </object>
                      <packing>
                        <property name="expand">False</property>
                        <property name="fill">False</property>
                        <property name="position">0</property>
                      </packing>
                    </child>
                    <child>
                      <object class="GtkButton" id="next">
                        <property name="label">gtk-go-forward</property>
                        <property name="visible">True</property>
                        <property name="sensitive">False</property>
                        <property name="can_focus">True</property>
                        <property name="receives_default">True</property>
                        <property name="use_stock">True</property>
                        <signal handler="on_next_clicked" name="clicked"/>
                      </object>
                      <packing>
                        <property name="expand">False</property>
                        <property name="fill">False</property>
                        <property name="position">1</property>
                      </packing>
                    </child>
                  </object>
                  <packing>
                    <property name="expand">False</property>
                    <property name="fill">False</property>
                    <property name="position">0</property>
                  </packing>
                </child>
                <child>
                  <object class="GtkHBox" id="hbox2">
                    <property name="visible">True</property>
                    <property name="spacing">6</property>
                    <child>
                      <object class="GtkLabel" id="label5">
                        <property name="visible">True</property>
                        <property name="label" translatable="yes">Limit:</property>
                      </object>
                      <packing>
                        <property name="expand">False</property>
                        <property name="fill">False</property>
                        <property name="position">0</property>
                      </packing>
                    </child>
                    <child>
                      <object class="GtkEntry" id="limit">
                        <property name="width_request">75</property>
                        <property name="visible">True</property>
                        <property name="can_focus">True</property>
                        <property name="text" translatable="yes">100</property>
                      </object>
                      <packing>
                        <property name="expand">False</property>
                        <property name="fill">False</property>
                        <property name="position">1</property>
                      </packing>
                    </child>
                    <child>
                      <object class="GtkButton" id="refresh">
                        <property name="visible">True</property>
                        <property name="can_focus">True</property>
                        <property name="receives_default">True</property>
                        <property name="tooltip-text" translatable="yes">Refresh</property>
                        <signal handler="on_refresh_clicked" name="clicked"/>
                        <child>
                          <object class="GtkImage" id="image1">
                            <property name="visible">True</property>
                            <property name="stock">gtk-refresh</property>
                          </object>
                        </child>
                      </object>
                      <packing>
                        <property name="expand">False</property>
                        <property name="fill">False</property>
                        <property name="position">2</property>
                      </packing>
                    </child>
                  </object>
                  <packing>
                    <property name="expand">False</property>
                    <property name="fill">False</property>
                    <property name="position">1</property>
                  </packing>
                </child>
              </object>
              <packing>
                <property name="expand">False</property>
                <property name="fill">False</property>
                <property name="position">1</property>
              </packing>
            </child>
            <child>
              <object class="GtkHButtonBox" id="hbuttonbox7">
                <property name="visible">True</property>
                <property name="spacing">6</property>
                <property name="layout_style">end</property>
                <child>
                  <object class="GtkButton" id="ok">
                    <property name="label">gtk-close</property>
                    <property name="visible">True</property>
                    <property name="can_focus">True</property>
                    <property name="receives_default">True</property>
                    <property name="use_stock">True</property>
                    <signal handler="on_close_clicked" name="clicked"/>
                  </object>
                  <packing>
                    <property name="expand">False</property>
                    <property name="fill">False</property>
                    <property name="position">0</property>
                  </packing>
                </child>
              </object>
              <packing>
                <property name="expand">False</property>
                <property name="fill">False</property>
                <property name="pack_type">end</property>
                <property name="position">1</property>
              </packing>
            </child>
          </object>
          <packing>
            <property name="expand">False</property>
            <property name="fill">False</property>
            <property name="pack_type">end</property>
            <property name="position">1</property>
          </packing>
        </child>
      </object>


    </child>
  </object>
  <object class="GtkTextBuffer" id="search_buffer">
    <signal name="changed" handler="on_search" swapped="no"/>
  </object>  
</interface>
