<?xml version="1.0"?>
<interface>
  <!-- interface-requires gtk+ 2.12 -->
  <!-- interface-naming-policy project-wide -->
  <object class="GtkWindow" id="Manager">
    <property name="width_request">450</property>
    <property name="visible">True</property>
    <property name="window_position">center-always</property>
    <property name="icon_name">rabbitvcs-small</property>
    <signal handler="on_destroy" name="destroy"/>
    <signal handler="on_key_pressed" name="key_press_event"/>
    <child>
      <object class="GtkVBox" id="vbox1">
        <property name="visible">True</property>
        <property name="border_width">12</property>
        <property name="orientation">vertical</property>
        <property name="spacing">18</property>
        <child>
          <object class="GtkHBox" id="hbox1">
            <property name="visible">True</property>
            <child>
              <object class="GtkVBox" id="vbox2">
                <property name="visible">True</property>
                <property name="orientation">vertical</property>
                <property name="spacing">6</property>
                <child>
                  <object class="GtkLabel" id="items_label">
                    <property name="visible">True</property>
                    <property name="xalign">0</property>
                    <property name="use_markup">True</property>
                  </object>
                  <packing>
                    <property name="expand">False</property>
                    <property name="fill">False</property>
                    <property name="position">0</property>
                  </packing>
                </child>
                <child>
                  <object class="GtkAlignment" id="alignment1">
                    <property name="visible">True</property>
                    <property name="xalign">0</property>
                    <property name="left_padding">12</property>
                    <child>
                      <object class="GtkHBox" id="hbox2">
                        <property name="visible">True</property>
                        <property name="spacing">6</property>
                        <child>
                          <object class="GtkScrolledWindow" id="scrolledwindow1">
                            <property name="width_request">200</property>
                            <property name="height_request">150</property>
                            <property name="visible">True</property>
                            <property name="can_focus">True</property>
                            <property name="hscrollbar_policy">automatic</property>
                            <property name="vscrollbar_policy">automatic</property>
                            <property name="shadow_type">etched-in</property>
                            <child>
                              <object class="GtkTreeView" id="items_treeview">
                                <property name="visible">True</property>
                                <property name="can_focus">True</property>
                              </object>
                            </child>
                          </object>
                          <packing>
                            <property name="position">0</property>
                          </packing>
                        </child>
                        <child>
                          <object class="GtkVBox" id="vbox4">
                            <property name="visible">True</property>
                            <property name="orientation">vertical</property>
                            <property name="spacing">6</property>
                            <child>
                              <object class="GtkButton" id="add">
                                <property name="visible">True</property>
                                <property name="can_focus">True</property>
                                <property name="receives_default">True</property>
                                <signal handler="on_add_clicked" name="clicked"/>
                                <child>
                                  <object class="GtkImage" id="image3">
                                    <property name="visible">True</property>
                                    <property name="stock">gtk-add</property>
                                  </object>
                                </child>
                              </object>
                              <packing>
                                <property name="expand">False</property>
                                <property name="fill">False</property>
                                <property name="position">0</property>
                              </packing>
                            </child>
                            <child>
                              <object class="GtkButton" id="delete">
                                <property name="visible">True</property>
                                <property name="sensitive">False</property>
                                <property name="can_focus">True</property>
                                <property name="receives_default">True</property>
                                <signal handler="on_delete_clicked" name="clicked"/>
                                <child>
                                  <object class="GtkImage" id="image4">
                                    <property name="visible">True</property>
                                    <property name="stock">gtk-delete</property>
                                  </object>
                                </child>
                              </object>
                              <packing>
                                <property name="expand">False</property>
                                <property name="fill">False</property>
                                <property name="position">1</property>
                              </packing>
                            </child>
                          </object>
                          <packing>
                            <property name="expand">False</property>
                            <property name="fill">False</property>
                            <property name="position">1</property>
                          </packing>
                        </child>
                      </object>
                    </child>
                  </object>
                  <packing>
                    <property name="expand">False</property>
                    <property name="fill">False</property>
                    <property name="position">1</property>
                  </packing>
                </child>
              </object>
              <packing>
                <property name="position">0</property>
              </packing>
            </child>
            <child>
              <object class="GtkAlignment" id="right_side">
                <property name="left_padding">25</property>
                <child>
                  <object class="GtkVBox" id="vbox3">
                    <property name="visible">True</property>
                    <property name="orientation">vertical</property>
                    <child>
                      <object class="GtkLabel" id="detail_label">
                        <property name="visible">True</property>
                        <property name="xalign">0</property>
                        <property name="label" translatable="yes">label</property>
                      </object>
                      <packing>
                        <property name="expand">False</property>
                        <property name="fill">False</property>
                        <property name="position">0</property>
                      </packing>
                    </child>
                    <child>
                      <object class="GtkAlignment" id="detail_container">
                        <property name="visible">True</property>
                        <child>
                          <placeholder/>
                        </child>
                      </object>
                      <packing>
                        <property name="position">1</property>
                      </packing>
                    </child>
                  </object>
                </child>
              </object>
              <packing>
                <property name="expand">False</property>
                <property name="fill">False</property>
                <property name="position">1</property>
              </packing>
            </child>
          </object>
          <packing>
            <property name="expand">False</property>
            <property name="fill">False</property>
            <property name="position">0</property>
          </packing>
        </child>
        <child>
          <object class="GtkHButtonBox" id="hbuttonbox1">
            <property name="visible">True</property>
            <property name="spacing">6</property>
            <property name="layout_style">end</property>
            <child>
              <object class="GtkButton" id="close">
                <property name="label">gtk-close</property>
                <property name="visible">True</property>
                <property name="can_focus">True</property>
                <property name="receives_default">True</property>
                <property name="use_stock">True</property>
                <signal handler="on_close_clicked" name="clicked"/>
              </object>
              <packing>
                <property name="expand">False</property>
                <property name="fill">False</property>
                <property name="position">0</property>
              </packing>
            </child>
          </object>
          <packing>
            <property name="expand">False</property>
            <property name="fill">False</property>
            <property name="pack_type">end</property>
            <property name="position">1</property>
          </packing>
        </child>
      </object>
    </child>
  </object>
</interface>
