<?xml version="1.0"?>
<interface>
  <!-- interface-requires gtk+ 2.10 -->
  <!-- interface-naming-policy toplevel-contextual -->
  <object class="GtkAssistant" id="Merge">
    <property name="width_request">600</property>
    <property name="visible">True</property>
    <property name="border_width">12</property>
    <property name="title" translatable="yes">Merge Assistant</property>
    <property name="window_position">center</property>
    <property name="icon_name">rabbitvcs-small</property>
    <property name="gravity">center</property>
    <signal handler="on_destroy" name="destroy"/>
    <signal handler="on_apply_clicked" name="apply"/>
    <signal handler="on_cancel_clicked" name="cancel"/>
    <signal handler="on_close_clicked" name="close"/>
    <signal handler="on_prepare" name="prepare"/>
    <signal handler="on_key_pressed" name="key_press_event"/>
    <child>
      <placeholder/>
    </child>
    <child>
      <placeholder/>
    </child>
    <child>
      <placeholder/>
    </child>
    <child>
      <object class="GtkVBox" id="page1">
        <property name="visible">True</property>
        <property name="border_width">12</property>
        <property name="orientation">vertical</property>
        <property name="spacing">18</property>
        <child>
          <object class="GtkVBox" id="vbox3">
            <property name="visible">True</property>
            <property name="orientation">vertical</property>
            <child>
              <object class="GtkRadioButton" id="mergetype_range_opt">
                <property name="label" translatable="yes">Merge a range of revisions</property>
                <property name="visible">True</property>
                <property name="can_focus">True</property>
                <property name="receives_default">False</property>
                <property name="active">True</property>
                <property name="draw_indicator">True</property>
              </object>
              <packing>
                <property name="expand">False</property>
                <property name="fill">False</property>
                <property name="position">0</property>
              </packing>
            </child>
            <child>
              <object class="GtkLabel" id="label47">
                <property name="width_request">475</property>
                <property name="visible">True</property>
                <property name="xalign">0</property>
                <property name="xpad">30</property>
                <property name="label" translatable="yes">Choose this method if you have made some changes to a branch and wish to merge your changes with another branch.</property>
                <property name="wrap">True</property>
              </object>
              <packing>
                <property name="position">1</property>
              </packing>
            </child>
          </object>
          <packing>
            <property name="expand">False</property>
            <property name="fill">False</property>
            <property name="position">0</property>
          </packing>
        </child>
        <child>
          <object class="GtkVBox" id="vbox5">
            <property name="visible">True</property>
            <property name="orientation">vertical</property>
            <child>
              <object class="GtkRadioButton" id="mergetype_tree_opt">
                <property name="label" translatable="yes">Merge two different trees</property>
                <property name="visible">True</property>
                <property name="can_focus">True</property>
                <property name="receives_default">False</property>
                <property name="active">True</property>
                <property name="draw_indicator">True</property>
                <property name="group">mergetype_range_opt</property>
              </object>
              <packing>
                <property name="expand">False</property>
                <property name="fill">False</property>
                <property name="position">0</property>
              </packing>
            </child>
            <child>
              <object class="GtkLabel" id="label51">
                <property name="width_request">475</property>
                <property name="visible">True</property>
                <property name="xalign">0</property>
                <property name="xpad">30</property>
                <property name="label" translatable="yes">Choose this method if you wish to merge two different branches into your working copy.</property>
                <property name="wrap">True</property>
              </object>
              <packing>
                <property name="position">1</property>
              </packing>
            </child>
          </object>
          <packing>
            <property name="expand">False</property>
            <property name="fill">False</property>
            <property name="position">1</property>
          </packing>
        </child>
        <child>
          <object class="GtkVBox" id="vbox6">
            <property name="visible">True</property>
            <property name="orientation">vertical</property>
            <child>
              <object class="GtkRadioButton" id="mergetype_reintegrate_opt">
                <property name="label" translatable="yes">Reintegrate a branch</property>
                <property name="visible">True</property>
                <property name="can_focus">True</property>
                <property name="receives_default">False</property>
                <property name="draw_indicator">True</property>
                <property name="group">mergetype_range_opt</property>
              </object>
              <packing>
                <property name="expand">False</property>
                <property name="fill">False</property>
                <property name="position">0</property>
              </packing>
            </child>
            <child>
              <object class="GtkLabel" id="label2">
                <property name="width_request">475</property>
                <property name="visible">True</property>
                <property name="xalign">0</property>
                <property name="xpad">30</property>
                <property name="label" translatable="yes">Choose this method if you wish to reintegrate a branch into the trunk.</property>
                <property name="wrap">True</property>
              </object>
              <packing>
                <property name="position">1</property>
              </packing>
            </child>
          </object>
          <packing>
            <property name="expand">False</property>
            <property name="fill">False</property>
            <property name="position">2</property>
          </packing>
        </child>
      </object>
      <packing>
        <property name="page_type">intro</property>
        <property name="title">Step 1: Merge Type</property>
      </packing>
    </child>
    <child>
      <object class="GtkVBox" id="page2a">
        <property name="visible">True</property>
        <property name="border_width">12</property>
        <property name="orientation">vertical</property>
        <property name="spacing">18</property>
        <child>
          <object class="GtkVBox" id="vbox8">
            <property name="visible">True</property>
            <property name="orientation">vertical</property>
            <property name="spacing">6</property>
            <child>
              <object class="GtkLabel" id="label3">
                <property name="visible">True</property>
                <property name="xalign">0</property>
                <property name="label" translatable="yes">&lt;b&gt;URL to merge from&lt;/b&gt;</property>
                <property name="use_markup">True</property>
              </object>
              <packing>
                <property name="expand">False</property>
                <property name="fill">False</property>
                <property name="position">0</property>
              </packing>
            </child>
            <child>
              <object class="GtkAlignment" id="alignment2">
                <property name="visible">True</property>
                <property name="left_padding">12</property>
                <child>
                  <object class="GtkComboBoxEntry" id="mergerange_from_urls">
                    <property name="visible">True</property>
                    <signal handler="on_mergerange_from_urls_changed" name="changed"/>
                  </object>
                </child>
              </object>
              <packing>
                <property name="expand">False</property>
                <property name="fill">False</property>
                <property name="position">1</property>
              </packing>
            </child>
          </object>
          <packing>
            <property name="expand">False</property>
            <property name="fill">False</property>
            <property name="position">0</property>
          </packing>
        </child>
        <child>
          <object class="GtkVBox" id="vbox9">
            <property name="visible">True</property>
            <property name="orientation">vertical</property>
            <property name="spacing">6</property>
            <child>
              <object class="GtkLabel" id="label4">
                <property name="visible">True</property>
                <property name="xalign">0</property>
                <property name="label" translatable="yes">&lt;b&gt;Revision Range&lt;/b&gt;</property>
                <property name="use_markup">True</property>
              </object>
              <packing>
                <property name="expand">False</property>
                <property name="fill">False</property>
                <property name="position">0</property>
              </packing>
            </child>
            <child>
              <object class="GtkAlignment" id="alignment5">
                <property name="visible">True</property>
                <property name="left_padding">12</property>
                <child>
                  <object class="GtkVBox" id="vbox34">
                    <property name="visible">True</property>
                    <property name="orientation">vertical</property>
                    <property name="spacing">6</property>
                    <child>
                      <object class="GtkHBox" id="hbox18">
                        <property name="visible">True</property>
                        <property name="spacing">6</property>
                        <child>
                          <object class="GtkEntry" id="mergerange_revisions">
                            <property name="visible">True</property>
                            <property name="can_focus">True</property>
                            <signal handler="on_mergerange_revisions_changed" name="changed"/>
                          </object>
                          <packing>
                            <property name="position">0</property>
                          </packing>
                        </child>
                        <child>
                          <object class="GtkButton" id="mergerange_show_log1">
                            <property name="visible">True</property>
                            <property name="can_focus">True</property>
                            <property name="receives_default">True</property>
                            <property name="tooltip-text" translatable="yes">Show log</property>
                            <signal handler="on_mergerange_show_log1_clicked" name="clicked"/>
                            <child>
                              <object class="GtkImage" id="image1">
                                <property name="visible">True</property>
                                <property name="pixel_size">24</property>
                                <property name="icon_name">rabbitvcs-show_log</property>
                              </object>
                            </child>
                          </object>
                          <packing>
                            <property name="expand">False</property>
                            <property name="fill">False</property>
                            <property name="position">1</property>
                          </packing>
                        </child>
                      </object>
                      <packing>
                        <property name="expand">False</property>
                        <property name="fill">False</property>
                        <property name="position">0</property>
                      </packing>
                    </child>
                    <child>
                      <object class="GtkLabel" id="label56">
                        <property name="width_request">500</property>
                        <property name="visible">True</property>
                        <property name="xalign">0</property>
                        <property name="xpad">30</property>
                        <property name="label" translatable="yes">Use the log dialog to select the revisions that you wish to merge.  Or write out the revisions manually, each separated by a comma.  You can specify a revision range by a dash. 

Example: 4-7,9,11,15-HEAD

To merge all revisions, leave the box empty.</property>
                        <property name="wrap">True</property>
                      </object>
                      <packing>
                        <property name="expand">False</property>
                        <property name="fill">False</property>
                        <property name="position">1</property>
                      </packing>
                    </child>
                  </object>
                </child>
              </object>
              <packing>
                <property name="expand">False</property>
                <property name="fill">False</property>
                <property name="position">1</property>
              </packing>
            </child>
          </object>
          <packing>
            <property name="expand">False</property>
            <property name="fill">False</property>
            <property name="position">1</property>
          </packing>
        </child>
        <child>
          <object class="GtkVBox" id="vbox10">
            <property name="visible">True</property>
            <property name="orientation">vertical</property>
            <property name="spacing">6</property>
            <child>
              <object class="GtkLabel" id="label5">
                <property name="visible">True</property>
                <property name="xalign">0</property>
                <property name="label" translatable="yes">&lt;b&gt;Working Copy&lt;/b&gt;</property>
                <property name="use_markup">True</property>
              </object>
              <packing>
                <property name="expand">False</property>
                <property name="fill">False</property>
                <property name="position">0</property>
              </packing>
            </child>
            <child>
              <object class="GtkAlignment" id="alignment6">
                <property name="visible">True</property>
                <property name="left_padding">12</property>
                <child>
                  <object class="GtkHBox" id="hbox19">
                    <property name="visible">True</property>
                    <property name="spacing">12</property>
                    <child>
                      <object class="GtkLabel" id="mergerange_working_copy">
                        <property name="visible">True</property>
                        <property name="xalign">0</property>
                      </object>
                      <packing>
                        <property name="position">0</property>
                      </packing>
                    </child>
                  </object>
                </child>
              </object>
              <packing>
                <property name="expand">False</property>
                <property name="fill">False</property>
                <property name="position">1</property>
              </packing>
            </child>
          </object>
          <packing>
            <property name="expand">False</property>
            <property name="fill">False</property>
            <property name="position">2</property>
          </packing>
        </child>
      </object>
      <packing>
        <property name="title">Step 2: Merge a Range of Revisions</property>
      </packing>
    </child>
    <child>
      <object class="GtkVBox" id="page2b">
        <property name="visible">True</property>
        <property name="border_width">12</property>
        <property name="orientation">vertical</property>
        <property name="spacing">18</property>
        <child>
          <object class="GtkVBox" id="vbox11">
            <property name="visible">True</property>
            <property name="orientation">vertical</property>
            <property name="spacing">6</property>
            <child>
              <object class="GtkLabel" id="label6">
                <property name="visible">True</property>
                <property name="xalign">0</property>
                <property name="label" translatable="yes">&lt;b&gt;From URL&lt;/b&gt;</property>
                <property name="use_markup">True</property>
              </object>
              <packing>
                <property name="expand">False</property>
                <property name="fill">False</property>
                <property name="position">0</property>
              </packing>
            </child>
            <child>
              <object class="GtkAlignment" id="alignment1">
                <property name="visible">True</property>
                <property name="left_padding">12</property>
                <child>
                  <object class="GtkVBox" id="vbox7">
                    <property name="visible">True</property>
                    <property name="orientation">vertical</property>
                    <property name="spacing">6</property>
                    <child>
                      <object class="GtkHBox" id="hbox1">
                        <property name="visible">True</property>
                        <property name="spacing">6</property>
                        <child>
                          <object class="GtkAlignment" id="alignment7">
                            <property name="visible">True</property>
                            <child>
                              <object class="GtkComboBoxEntry" id="merge_reintegrate_repos">
                                <property name="visible">True</property>
                                <signal handler="on_merge_reintegrate_from_urls_changed" name="changed"/>
                              </object>
                            </child>
                          </object>
                          <packing>
                            <property name="position">0</property>
                          </packing>
                        </child>
                        <child>
                          <object class="GtkButton" id="merge_reintegrate_browse">
                            <property name="visible">True</property>
                            <property name="can_focus">True</property>
                            <property name="receives_default">True</property>
                            <property name="has_tooltip">True</property>
                            <property name="tooltip-text" translatable="yes">Show log</property>
                            <signal handler="on_merge_reintegrate_browse_clicked" name="clicked"/>
                            <child>
                              <object class="GtkImage" id="image2">
                                <property name="visible">True</property>
                                <property name="stock">gtk-harddisk</property>
                                <property name="pixel_size">24</property>
                              </object>
                            </child>
                          </object>
                          <packing>
                            <property name="expand">False</property>
                            <property name="fill">False</property>
                            <property name="pack_type">end</property>
                            <property name="position">1</property>
                          </packing>
                        </child>
                      </object>
                      <packing>
                        <property name="position">0</property>
                      </packing>
                    </child>
                    <child>
                      <object class="GtkAlignment" id="revision_container">
                        <property name="visible">True</property>
                        <child>
                          <placeholder/>
                        </child>
                      </object>
                      <packing>
                        <property name="position">1</property>
                      </packing>
                    </child>
                  </object>
                </child>
              </object>
              <packing>
                <property name="expand">False</property>
                <property name="fill">False</property>
                <property name="position">1</property>
              </packing>
            </child>
          </object>
          <packing>
            <property name="expand">False</property>
            <property name="fill">False</property>
            <property name="position">0</property>
          </packing>
        </child>
        <child>
          <object class="GtkVBox" id="vbox12">
            <property name="visible">True</property>
            <property name="orientation">vertical</property>
            <child>
              <object class="GtkLabel" id="label7">
                <property name="visible">True</property>
                <property name="xalign">0</property>
                <property name="label" translatable="yes">&lt;b&gt;Working Copy&lt;/b&gt;</property>
                <property name="use_markup">True</property>
              </object>
              <packing>
                <property name="expand">False</property>
                <property name="fill">False</property>
                <property name="position">0</property>
              </packing>
            </child>
            <child>
              <object class="GtkAlignment" id="alignment8">
                <property name="visible">True</property>
                <property name="left_padding">12</property>
                <child>
                  <object class="GtkHBox" id="hbox20">
                    <property name="visible">True</property>
                    <property name="spacing">12</property>
                    <child>
                      <object class="GtkLabel" id="merge_reintegrate_working_copy">
                        <property name="visible">True</property>
                        <property name="xalign">0</property>
                        <property name="wrap">True</property>
                      </object>
                      <packing>
                        <property name="position">0</property>
                      </packing>
                    </child>
                  </object>
                </child>
              </object>
              <packing>
                <property name="expand">False</property>
                <property name="fill">False</property>
                <property name="position">1</property>
              </packing>
            </child>
          </object>
          <packing>
            <property name="expand">False</property>
            <property name="fill">False</property>
            <property name="position">1</property>
          </packing>
        </child>
      </object>
      <packing>
        <property name="title">Step 2: Reintegrate a Branch</property>
      </packing>
    </child>
    <child>
      <object class="GtkVBox" id="page2c">
        <property name="visible">True</property>
        <property name="border_width">12</property>
        <property name="orientation">vertical</property>
        <property name="spacing">18</property>
        <child>
          <object class="GtkVBox" id="vbox13">
            <property name="visible">True</property>
            <property name="orientation">vertical</property>
            <property name="spacing">6</property>
            <child>
              <object class="GtkLabel" id="label8">
                <property name="visible">True</property>
                <property name="xalign">0</property>
                <property name="label" translatable="yes">&lt;b&gt;From: (URL and revision to merge)&lt;/b&gt;</property>
                <property name="use_markup">True</property>
              </object>
              <packing>
                <property name="expand">False</property>
                <property name="fill">False</property>
                <property name="position">0</property>
              </packing>
            </child>
            <child>
              <object class="GtkAlignment" id="alignment9">
                <property name="visible">True</property>
                <property name="left_padding">12</property>
                <child>
                  <object class="GtkVBox" id="vbox38">
                    <property name="visible">True</property>
                    <property name="orientation">vertical</property>
                    <property name="spacing">6</property>
                    <child>
                      <object class="GtkComboBoxEntry" id="mergetree_from_urls">
                        <property name="visible">True</property>
                        <signal handler="on_mergetree_from_urls_changed" name="changed"/>
                      </object>
                      <packing>
                        <property name="expand">False</property>
                        <property name="fill">False</property>
                        <property name="position">0</property>
                      </packing>
                    </child>
                    <child>
                      <object class="GtkVBox" id="vbox2">
                        <property name="visible">True</property>
                        <property name="orientation">vertical</property>
                        <child>
                          <object class="GtkRadioButton" id="mergetree_from_revision_head_opt">
                            <property name="label" translatable="yes">HEAD</property>
                            <property name="visible">True</property>
                            <property name="can_focus">True</property>
                            <property name="receives_default">False</property>
                            <property name="active">True</property>
                            <property name="draw_indicator">True</property>
                          </object>
                          <packing>
                            <property name="expand">False</property>
                            <property name="fill">False</property>
                            <property name="position">0</property>
                          </packing>
                        </child>
                        <child>
                          <object class="GtkHBox" id="hbox22">
                            <property name="visible">True</property>
                            <property name="spacing">6</property>
                            <child>
                              <object class="GtkRadioButton" id="mergetree_from_revision_number_opt">
                                <property name="label" translatable="yes">Revision</property>
                                <property name="width_request">140</property>
                                <property name="visible">True</property>
                                <property name="can_focus">True</property>
                                <property name="receives_default">False</property>
                                <property name="draw_indicator">True</property>
                                <property name="group">mergetree_from_revision_head_opt</property>
                              </object>
                              <packing>
                                <property name="position">0</property>
                              </packing>
                            </child>
                            <child>
                              <object class="GtkEntry" id="mergetree_from_revision_number">
                                <property name="width_request">75</property>
                                <property name="visible">True</property>
                                <property name="can_focus">True</property>
                                <signal handler="on_mergetree_from_revision_number_focused" name="focus_in_event"/>
                              </object>
                              <packing>
                                <property name="expand">False</property>
                                <property name="fill">False</property>
                                <property name="position">1</property>
                              </packing>
                            </child>
                            <child>
                              <object class="GtkButton" id="mergetree_from_show_log">
                                <property name="visible">True</property>
                                <property name="can_focus">True</property>
                                <property name="receives_default">True</property>
                                <property name="tooltip-text" translatable="yes">Show log</property>
                                <signal handler="on_mergetree_from_show_log_clicked" name="clicked"/>
                                <child>
                                  <object class="GtkImage" id="image3">
                                    <property name="visible">True</property>
                                    <property name="pixel_size">24</property>
                                    <property name="icon_name">rabbitvcs-show_log</property>
                                  </object>
                                </child>
                              </object>
                              <packing>
                                <property name="expand">False</property>
                                <property name="fill">False</property>
                                <property name="position">2</property>
                              </packing>
                            </child>
                          </object>
                          <packing>
                            <property name="expand">False</property>
                            <property name="fill">False</property>
                            <property name="position">1</property>
                          </packing>
                        </child>
                      </object>
                      <packing>
                        <property name="expand">False</property>
                        <property name="fill">False</property>
                        <property name="position">1</property>
                      </packing>
                    </child>
                  </object>
                </child>
              </object>
              <packing>
                <property name="expand">False</property>
                <property name="fill">False</property>
                <property name="position">1</property>
              </packing>
            </child>
          </object>
          <packing>
            <property name="expand">False</property>
            <property name="fill">False</property>
            <property name="position">0</property>
          </packing>
        </child>
        <child>
          <object class="GtkVBox" id="vbox14">
            <property name="visible">True</property>
            <property name="orientation">vertical</property>
            <property name="spacing">6</property>
            <child>
              <object class="GtkLabel" id="label9">
                <property name="visible">True</property>
                <property name="xalign">0</property>
                <property name="label" translatable="yes">&lt;b&gt;To: (URL and revision to merge)&lt;/b&gt;</property>
                <property name="use_markup">True</property>
              </object>
              <packing>
                <property name="expand">False</property>
                <property name="fill">False</property>
                <property name="position">0</property>
              </packing>
            </child>
            <child>
              <object class="GtkAlignment" id="alignment10">
                <property name="visible">True</property>
                <property name="left_padding">12</property>
                <child>
                  <object class="GtkVBox" id="vbox39">
                    <property name="visible">True</property>
                    <property name="orientation">vertical</property>
                    <property name="spacing">6</property>
                    <child>
                      <object class="GtkComboBoxEntry" id="mergetree_to_urls">
                        <property name="visible">True</property>
                        <signal handler="on_mergetree_to_urls_changed" name="changed"/>
                      </object>
                      <packing>
                        <property name="expand">False</property>
                        <property name="fill">False</property>
                        <property name="position">0</property>
                      </packing>
                    </child>
                    <child>
                      <object class="GtkVBox" id="vbox4">
                        <property name="visible">True</property>
                        <property name="orientation">vertical</property>
                        <child>
                          <object class="GtkRadioButton" id="mergetree_to_revision_head_opt">
                            <property name="label" translatable="yes">HEAD</property>
                            <property name="visible">True</property>
                            <property name="can_focus">True</property>
                            <property name="receives_default">False</property>
                            <property name="active">True</property>
                            <property name="draw_indicator">True</property>
                          </object>
                          <packing>
                            <property name="expand">False</property>
                            <property name="fill">False</property>
                            <property name="position">0</property>
                          </packing>
                        </child>
                        <child>
                          <object class="GtkHBox" id="hbox23">
                            <property name="visible">True</property>
                            <property name="spacing">6</property>
                            <child>
                              <object class="GtkRadioButton" id="mergetree_to_revision_number_opt">
                                <property name="label" translatable="yes">Revision</property>
                                <property name="width_request">140</property>
                                <property name="visible">True</property>
                                <property name="can_focus">True</property>
                                <property name="receives_default">False</property>
                                <property name="draw_indicator">True</property>
                                <property name="group">mergetree_to_revision_head_opt</property>
                              </object>
                              <packing>
                                <property name="position">0</property>
                              </packing>
                            </child>
                            <child>
                              <object class="GtkEntry" id="mergetree_to_revision_number">
                                <property name="width_request">75</property>
                                <property name="visible">True</property>
                                <property name="can_focus">True</property>
                                <signal handler="on_mergetree_to_revision_number_focused" name="focus_in_event"/>
                              </object>
                              <packing>
                                <property name="expand">False</property>
                                <property name="fill">False</property>
                                <property name="position">1</property>
                              </packing>
                            </child>
                            <child>
                              <object class="GtkButton" id="mergetree_to_show_log">
                                <property name="visible">True</property>
                                <property name="can_focus">True</property>
                                <property name="receives_default">True</property>
                                <property name="tooltip-text" translatable="yes">Show log</property>
                                <signal handler="on_mergetree_to_show_log_clicked" name="clicked"/>
                                <child>
                                  <object class="GtkImage" id="image4">
                                    <property name="visible">True</property>
                                    <property name="pixel_size">24</property>
                                    <property name="icon_name">rabbitvcs-show_log</property>
                                  </object>
                                </child>
                              </object>
                              <packing>
                                <property name="expand">False</property>
                                <property name="fill">False</property>
                                <property name="position">2</property>
                              </packing>
                            </child>
                          </object>
                          <packing>
                            <property name="expand">False</property>
                            <property name="fill">False</property>
                            <property name="position">1</property>
                          </packing>
                        </child>
                      </object>
                      <packing>
                        <property name="expand">False</property>
                        <property name="fill">False</property>
                        <property name="position">1</property>
                      </packing>
                    </child>
                  </object>
                </child>
              </object>
              <packing>
                <property name="expand">False</property>
                <property name="fill">False</property>
                <property name="position">1</property>
              </packing>
            </child>
          </object>
          <packing>
            <property name="expand">False</property>
            <property name="fill">False</property>
            <property name="position">1</property>
          </packing>
        </child>
        <child>
          <object class="GtkVBox" id="vbox15">
            <property name="visible">True</property>
            <property name="orientation">vertical</property>
            <property name="spacing">6</property>
            <child>
              <object class="GtkLabel" id="label10">
                <property name="visible">True</property>
                <property name="xalign">0</property>
                <property name="label" translatable="yes">&lt;b&gt;Working Copy&lt;/b&gt;</property>
                <property name="use_markup">True</property>
              </object>
              <packing>
                <property name="expand">False</property>
                <property name="fill">False</property>
                <property name="position">0</property>
              </packing>
            </child>
            <child>
              <object class="GtkAlignment" id="alignment11">
                <property name="visible">True</property>
                <property name="left_padding">12</property>
                <child>
                  <object class="GtkHBox" id="hbox21">
                    <property name="visible">True</property>
                    <property name="spacing">12</property>
                    <child>
                      <object class="GtkLabel" id="mergetree_working_copy">
                        <property name="visible">True</property>
                        <property name="xalign">0</property>
                      </object>
                      <packing>
                        <property name="position">0</property>
                      </packing>
                    </child>
                  </object>
                </child>
              </object>
              <packing>
                <property name="expand">False</property>
                <property name="fill">False</property>
                <property name="position">1</property>
              </packing>
            </child>
          </object>
          <packing>
            <property name="expand">False</property>
            <property name="fill">False</property>
            <property name="position">2</property>
          </packing>
        </child>
      </object>
      <packing>
        <property name="title">Step 2: Merge two different trees</property>
      </packing>
    </child>
    <child>
      <object class="GtkVBox" id="page3">
        <property name="visible">True</property>
        <property name="border_width">12</property>
        <property name="orientation">vertical</property>
        <property name="spacing">18</property>
        <child>
          <object class="GtkVBox" id="vbox1">
            <property name="visible">True</property>
            <property name="orientation">vertical</property>
            <property name="spacing">6</property>
            <child>
              <object class="GtkLabel" id="label1">
                <property name="visible">True</property>
                <property name="xalign">0</property>
                <property name="label" translatable="yes">&lt;b&gt;Options&lt;/b&gt;</property>
                <property name="use_markup">True</property>
              </object>
              <packing>
                <property name="expand">False</property>
                <property name="fill">False</property>
                <property name="position">0</property>
              </packing>
            </child>
            <child>
              <object class="GtkAlignment" id="alignment3">
                <property name="visible">True</property>
                <property name="left_padding">12</property>
                <child>
                  <object class="GtkVBox" id="vbox41">
                    <property name="visible">True</property>
                    <property name="orientation">vertical</property>
                    <child>
                      <object class="GtkCheckButton" id="mergeoptions_recursive">
                        <property name="label" translatable="yes">Recursive</property>
                        <property name="visible">True</property>
                        <property name="can_focus">True</property>
                        <property name="receives_default">False</property>
                        <property name="active">True</property>
                        <property name="draw_indicator">True</property>
                      </object>
                      <packing>
                        <property name="position">0</property>
                      </packing>
                    </child>
                    <child>
                      <object class="GtkCheckButton" id="mergeoptions_ignore_ancestry">
                        <property name="label" translatable="yes">Ignore ancestry</property>
                        <property name="visible">True</property>
                        <property name="can_focus">True</property>
                        <property name="receives_default">False</property>
                        <property name="draw_indicator">True</property>
                      </object>
                      <packing>
                        <property name="expand">False</property>
                        <property name="fill">False</property>
                        <property name="position">1</property>
                      </packing>
                    </child>
                    <child>
                      <object class="GtkCheckButton" id="mergeoptions_only_record">
                        <property name="label" translatable="yes">Only record the merge</property>
                        <property name="visible">True</property>
                        <property name="can_focus">True</property>
                        <property name="receives_default">False</property>
                        <property name="draw_indicator">True</property>
                      </object>
                      <packing>
                        <property name="position">2</property>
                      </packing>
                    </child>
                  </object>
                </child>
              </object>
              <packing>
                <property name="expand">False</property>
                <property name="fill">False</property>
                <property name="position">1</property>
              </packing>
            </child>
          </object>
          <packing>
            <property name="expand">False</property>
            <property name="fill">False</property>
            <property name="position">0</property>
          </packing>
        </child>
        <child>
          <object class="GtkHButtonBox" id="hbuttonbox24">
            <property name="visible">True</property>
            <property name="layout_style">end</property>
            <child>
              <object class="GtkButton" id="mergeoptions_test_merge">
                <property name="visible">True</property>
                <property name="can_focus">True</property>
                <property name="receives_default">True</property>
                <signal handler="on_test_clicked" name="clicked"/>
                <child>
                  <object class="GtkHBox" id="hbox2">
                    <property name="visible">True</property>
                    <child>
                      <object class="GtkImage" id="image5">
                        <property name="visible">True</property>
                        <property name="stock">gtk-execute</property>
                      </object>
                      <packing>
                        <property name="position">0</property>
                      </packing>
                    </child>
                    <child>
                      <object class="GtkLabel" id="label11">
                        <property name="visible">True</property>
                        <property name="label" translatable="yes">Test Merge</property>
                      </object>
                      <packing>
                        <property name="position">1</property>
                      </packing>
                    </child>
                  </object>
                </child>
              </object>
              <packing>
                <property name="expand">False</property>
                <property name="fill">False</property>
                <property name="position">0</property>
              </packing>
            </child>
          </object>
          <packing>
            <property name="expand">False</property>
            <property name="fill">False</property>
            <property name="position">1</property>
          </packing>
        </child>
      </object>
      <packing>
        <property name="page_type">confirm</property>
        <property name="title">Step 3: Final Options</property>
      </packing>
    </child>
  </object>
</interface>
