<?xml version="1.0"?>
<interface>
  <!-- interface-requires gtk+ 2.6 -->
  <!-- interface-naming-policy toplevel-contextual -->
  <object class="GtkWindow" id="Notification">
    <property name="width_request">740</property>
    <property name="can_focus">True</property>
    <property name="title" translatable="yes">Notification Messages</property>
    <property name="window_position">center</property>
    <property name="icon_name">rabbitvcs-small</property>
    <property name="gravity">center</property>
    <signal handler="on_destroy" name="destroy"/>
    <child>
      <object class="GtkVBox" id="vbox14">
        <property name="visible">True</property>
        <property name="border_width">12</property>
        <property name="orientation">vertical</property>
        <property name="spacing">18</property>
        <child>
          <object class="GtkVBox" id="vbox2">
            <property name="visible">True</property>
            <property name="orientation">vertical</property>
            <property name="spacing">6</property>
            <child>
              <object class="GtkLabel" id="action">
                <property name="visible">True</property>
                <property name="xalign">0</property>
                <property name="use_markup">True</property>
              </object>
              <packing>
                <property name="expand">False</property>
                <property name="fill">False</property>
                <property name="position">0</property>
              </packing>
            </child>
            <child>
              <object class="GtkLabel" id="status">
                <property name="visible">True</property>
                <property name="xalign">0</property>
                <property name="selectable">True</property>
              </object>
              <packing>
                <property name="expand">False</property>
                <property name="fill">False</property>
                <property name="position">1</property>
              </packing>
            </child>
          </object>
          <packing>
            <property name="expand">False</property>
            <property name="fill">False</property>
            <property name="position">1</property>
          </packing>
        </child>
        <child>
          <object class="GtkScrolledWindow" id="scrolledwindow10">
            <property name="height_request">225</property>
            <property name="visible">True</property>
            <property name="can_focus">True</property>
            <property name="hscrollbar_policy">automatic</property>
            <property name="vscrollbar_policy">automatic</property>
            <property name="shadow_type">etched-in</property>
            <child>
              <object class="GtkTreeView" id="table">
                <property name="visible">True</property>
                <property name="can_focus">True</property>
              </object>
            </child>
          </object>
          <packing>
            <property name="position">2</property>
          </packing>
        </child>
        <child>
          <object class="GtkVBox" id="vbox1">
            <property name="visible">True</property>
            <property name="orientation">vertical</property>
            <property name="spacing">6</property>
            <child>
              <object class="GtkProgressBar" id="pbar">
                <property name="visible">True</property>
              </object>
              <packing>
                <property name="expand">False</property>
                <property name="fill">False</property>
                <property name="position">0</property>
              </packing>
            </child>
          </object>
          <packing>
            <property name="expand">False</property>
            <property name="fill">False</property>
            <property name="position">3</property>
          </packing>
        </child>
        <child>
          <object class="GtkHBox" id="hbox1">
            <property name="visible">True</property>
            <property name="spacing">6</property>
            <child>
              <object class="GtkHButtonBox" id="hbuttonbox1">
                <property name="visible">True</property>
                <property name="layout_style">start</property>
                <child>
                  <object class="GtkButton" id="saveas">
                    <property name="label">gtk-save-as</property>
                    <property name="visible">True</property>
                    <property name="sensitive">False</property>
                    <property name="can_focus">True</property>
                    <property name="receives_default">True</property>
                    <property name="use_stock">True</property>
                    <signal handler="on_saveas_clicked" name="clicked"/>
                  </object>
                  <packing>
                    <property name="expand">False</property>
                    <property name="fill">False</property>
                    <property name="position">0</property>
                  </packing>
                </child>
              </object>
              <packing>
                <property name="position">0</property>
              </packing>
            </child>
            <child>
              <object class="GtkHButtonBox" id="hbuttonbox10">
                <property name="visible">True</property>
                <property name="spacing">6</property>
                <property name="layout_style">end</property>
                <child>
                  <object class="GtkButton" id="cancel">
                    <property name="label">gtk-cancel</property>
                    <property name="visible">True</property>
                    <property name="can_focus">True</property>
                    <property name="receives_default">True</property>
                    <property name="use_stock">True</property>
                    <signal handler="on_cancel_clicked" name="clicked"/>
                  </object>
                  <packing>
                    <property name="expand">False</property>
                    <property name="fill">False</property>
                    <property name="position">0</property>
                  </packing>
                </child>
                <child>
                  <object class="GtkButton" id="ok">
                    <property name="label">gtk-ok</property>
                    <property name="visible">True</property>
                    <property name="sensitive">False</property>
                    <property name="can_focus">True</property>
                    <property name="can_default">True</property>
                    <property name="has_default">True</property>
                    <property name="receives_default">True</property>
                    <property name="use_stock">True</property>
                    <signal handler="on_ok_clicked" name="clicked"/>
                  </object>
                  <packing>
                    <property name="expand">False</property>
                    <property name="fill">False</property>
                    <property name="position">1</property>
                  </packing>
                </child>
              </object>
              <packing>
                <property name="expand">False</property>
                <property name="fill">False</property>
                <property name="pack_type">end</property>
                <property name="position">1</property>
              </packing>
            </child>
          </object>
          <packing>
            <property name="expand">False</property>
            <property name="fill">False</property>
            <property name="pack_type">end</property>
            <property name="position">3</property>
          </packing>
        </child>
      </object>
    </child>
  </object>
</interface>
