<?xml version="1.0"?>
<interface>
  <!-- interface-requires gtk+ 2.16 -->
  <!-- interface-naming-policy project-wide -->
  <object class="GtkHBox" id="property_page_label">
    <property name="visible">True</property>
    <child>
      <object class="GtkImage" id="rabbitvcs-icon">
        <property name="visible">True</property>
        <property name="icon_name">rabbitvcs</property>
      </object>
      <packing>
        <property name="expand">False</property>
        <property name="fill">False</property>
        <property name="position">0</property>
      </packing>
    </child>
    <child>
      <object class="GtkLabel" id="rabbitvcs-title">
        <property name="visible">True</property>
        <property name="label" translatable="yes">RabbitVCS</property>
      </object>
      <packing>
        <property name="position">1</property>
      </packing>
    </child>
  </object>
  <object class="GtkExpander" id="file_info_expander">
    <property name="visible">True</property>
    <property name="can_focus">True</property>
    <child>
      <placeholder/>
    </child>
    <child type="label">
      <object class="GtkLabel" id="file_expander_path">
        <property name="visible">True</property>
        <property name="xalign">0</property>
      </object>
    </child>
  </object>
  <object class="GtkVBox" id="file_info_table">
    <property name="visible">True</property>
    <property name="border_width">12</property>
    <property name="orientation">vertical</property>
    <property name="spacing">12</property>
    <child>
      <object class="GtkFixed" id="fixed1">
        <property name="height_request">12</property>
        <property name="visible">True</property>
      </object>
      <packing>
        <property name="position">0</property>
      </packing>
    </child>
    <child>
      <object class="GtkHBox" id="icon_plus_table">
        <property name="visible">True</property>
        <child>
          <object class="GtkImage" id="vcs_icon">
            <property name="visible">True</property>
            <property name="yalign">0</property>
            <property name="xpad">8</property>
            <property name="stock">gtk-file</property>
            <property name="icon-size">6</property>
          </object>
          <packing>
            <property name="expand">False</property>
            <property name="fill">False</property>
            <property name="position">0</property>
          </packing>
        </child>
        <child>
          <object class="GtkTable" id="file_info">
            <property name="visible">True</property>
            <property name="n_rows">4</property>
            <property name="n_columns">2</property>
            <property name="column_spacing">16</property>
            <property name="row_spacing">8</property>
            <child>
              <object class="GtkLabel" id="filename_label">
                <property name="visible">True</property>
                <property name="xalign">0</property>
                <property name="label" translatable="yes">Name:</property>
              </object>
              <packing>
                <property name="x_options">GTK_FILL</property>
                <property name="y_options">GTK_FILL</property>
              </packing>
            </child>
            <child>
              <object class="GtkLabel" id="content_status_label">
                <property name="visible">True</property>
                <property name="xalign">0</property>
                <property name="label" translatable="yes">Content status:</property>
              </object>
              <packing>
                <property name="top_attach">2</property>
                <property name="bottom_attach">3</property>
                <property name="x_options">GTK_FILL</property>
                <property name="y_options">GTK_FILL</property>
              </packing>
            </child>
            <child>
              <object class="GtkLabel" id="prop_status_label">
                <property name="visible">True</property>
                <property name="xalign">0</property>
                <property name="label" translatable="yes">Property status:</property>
              </object>
              <packing>
                <property name="top_attach">3</property>
                <property name="bottom_attach">4</property>
                <property name="x_options">GTK_FILL</property>
                <property name="y_options">GTK_FILL</property>
              </packing>
            </child>
            <child>
              <object class="GtkLabel" id="vcs_label">
                <property name="visible">True</property>
                <property name="xalign">0</property>
                <property name="label" translatable="yes">VCS:</property>
              </object>
              <packing>
                <property name="top_attach">1</property>
                <property name="bottom_attach">2</property>
                <property name="x_options">GTK_FILL</property>
                <property name="y_options">GTK_FILL</property>
              </packing>
            </child>
            <child>
              <object class="GtkLabel" id="file_name">
                <property name="visible">True</property>
                <property name="xalign">0</property>
                <property name="selectable">True</property>
              </object>
              <packing>
                <property name="left_attach">1</property>
                <property name="right_attach">2</property>
              </packing>
            </child>
            <child>
              <object class="GtkLabel" id="vcs_type">
                <property name="visible">True</property>
                <property name="xalign">0</property>
                <property name="selectable">True</property>
              </object>
              <packing>
                <property name="left_attach">1</property>
                <property name="right_attach">2</property>
                <property name="top_attach">1</property>
                <property name="bottom_attach">2</property>
              </packing>
            </child>
            <child>
              <object class="GtkHBox" id="prop_status_box">
                <property name="visible">True</property>
                <child>
                  <object class="GtkImage" id="prop_status_icon">
                    <property name="visible">True</property>
                  </object>
                  <packing>
                    <property name="expand">False</property>
                    <property name="position">0</property>
                  </packing>
                </child>
                <child>
                  <object class="GtkLabel" id="prop_status">
                    <property name="visible">True</property>
                    <property name="xalign">0</property>
                    <property name="selectable">True</property>
                  </object>
                  <packing>
                    <property name="position">1</property>
                  </packing>
                </child>
              </object>
              <packing>
                <property name="left_attach">1</property>
                <property name="right_attach">2</property>
                <property name="top_attach">3</property>
                <property name="bottom_attach">4</property>
              </packing>
            </child>
            <child>
              <object class="GtkHBox" id="content_status_box">
                <property name="visible">True</property>
                <child>
                  <object class="GtkImage" id="content_status_icon">
                    <property name="visible">True</property>
                  </object>
                  <packing>
                    <property name="expand">False</property>
                    <property name="position">0</property>
                  </packing>
                </child>
                <child>
                  <object class="GtkLabel" id="content_status">
                    <property name="visible">True</property>
                    <property name="xalign">0</property>
                    <property name="selectable">True</property>
                  </object>
                  <packing>
                    <property name="position">1</property>
                  </packing>
                </child>
              </object>
              <packing>
                <property name="left_attach">1</property>
                <property name="right_attach">2</property>
                <property name="top_attach">2</property>
                <property name="bottom_attach">3</property>
              </packing>
            </child>
          </object>
          <packing>
            <property name="position">1</property>
          </packing>
        </child>
      </object>
      <packing>
        <property name="position">1</property>
      </packing>
    </child>
    <child>
      <object class="GtkFixed" id="fixed2">
        <property name="height_request">12</property>
        <property name="visible">True</property>
      </object>
      <packing>
        <property name="position">2</property>
      </packing>
    </child>
  </object>
  <object class="GtkScrolledWindow" id="prop_page_scroller">
    <property name="visible">True</property>
    <property name="can_focus">True</property>
    <property name="hscrollbar_policy">never</property>
    <property name="vscrollbar_policy">automatic</property>
    <child>
      <object class="GtkViewport" id="prop_page_viewport">
        <property name="visible">True</property>
        <property name="resize_mode">queue</property>
        <child>
          <object class="GtkVBox" id="property_page">
            <property name="visible">True</property>
            <property name="orientation">vertical</property>
            <child>
              <placeholder/>
            </child>
          </object>
        </child>
      </object>
    </child>
  </object>
</interface>
