<?xml version="1.0"?>
<interface>
  <!-- interface-requires gtk+ 2.16 -->
  <!-- interface-naming-policy project-wide -->
  <object class="GtkWindow" id="PropertyEditor">
    <property name="default_width">600</property>
    <property name="default_height">400</property>
    <property name="visible">True</property>
    <property name="title" translatable="yes">Property Editor</property>
    <property name="icon_name">rabbitvcs-small</property>
    <signal handler="on_destroy" name="destroy"/>
    <child>
      <object class="GtkVBox" id="vbox1">
        <property name="visible">True</property>
        <property name="border_width">12</property>
        <property name="orientation">vertical</property>
        <property name="spacing">18</property>
        <child>
          <object class="GtkTable" id="table2">
            <property name="visible">True</property>
            <property name="n_rows">2</property>
            <property name="n_columns">2</property>
            <property name="column_spacing">20</property>
            <property name="row_spacing">6</property>
            <child>
              <object class="GtkHBox" id="hbox1">
                <property name="visible">True</property>
                <child>
                  <object class="GtkLabel" id="wc_lbl">
                    <property name="visible">True</property>
                    <property name="label" translatable="yes">&lt;b&gt;Working Copy:&lt;/b&gt;</property>
                    <property name="use_markup">True</property>
                    <property name="single_line_mode">True</property>
                  </object>
                  <packing>
                    <property name="expand">False</property>
                    <property name="fill">False</property>
                    <property name="position">0</property>
                  </packing>
                </child>
              </object>
              <packing>
                <property name="x_options">GTK_SHRINK | GTK_FILL</property>
                <property name="y_options">GTK_SHRINK | GTK_FILL</property>
              </packing>
            </child>
            <child>
              <object class="GtkHBox" id="hbox2">
                <property name="visible">True</property>
                <child>
                  <object class="GtkLabel" id="remote_lbl">
                    <property name="visible">True</property>
                    <property name="label" translatable="yes">&lt;b&gt;Remote URI:&lt;/b&gt;</property>
                    <property name="use_markup">True</property>
                    <property name="single_line_mode">True</property>
                  </object>
                  <packing>
                    <property name="expand">False</property>
                    <property name="fill">False</property>
                    <property name="position">0</property>
                  </packing>
                </child>
              </object>
              <packing>
                <property name="top_attach">1</property>
                <property name="bottom_attach">2</property>
                <property name="x_options">GTK_SHRINK | GTK_FILL</property>
                <property name="y_options">GTK_SHRINK | GTK_FILL</property>
              </packing>
            </child>
            <child>
              <object class="GtkHBox" id="hbox3">
                <property name="visible">True</property>
                <child>
                  <object class="GtkLabel" id="remote_uri_text">
                    <property name="visible">True</property>
                    <property name="xalign">0</property>
                    <property name="ellipsize">middle</property>
                  </object>
                  <packing>
                    <property name="position">0</property>
                  </packing>
                </child>
              </object>
              <packing>
                <property name="left_attach">1</property>
                <property name="right_attach">2</property>
                <property name="top_attach">1</property>
                <property name="bottom_attach">2</property>
              </packing>
            </child>
            <child>
              <object class="GtkHBox" id="hbox4">
                <property name="visible">True</property>
                <child>
                  <object class="GtkLabel" id="wc_text">
                    <property name="visible">True</property>
                    <property name="xalign">0</property>
                    <property name="ellipsize">middle</property>
                  </object>
                  <packing>
                    <property name="position">0</property>
                  </packing>
                </child>
              </object>
              <packing>
                <property name="left_attach">1</property>
                <property name="right_attach">2</property>
              </packing>
            </child>
          </object>
          <packing>
            <property name="expand">False</property>
            <property name="position">0</property>
          </packing>
        </child>
        <child>
          <object class="GtkScrolledWindow" id="scrolledwindow1">
            <property name="visible">True</property>
            <property name="can_focus">True</property>
            <property name="hscrollbar_policy">automatic</property>
            <property name="vscrollbar_policy">automatic</property>
            <property name="shadow_type">etched-in</property>
            <child>
              <object class="GtkTreeView" id="table">
                <property name="visible">True</property>
                <property name="can_focus">True</property>
              </object>
            </child>
          </object>
          <packing>
            <property name="position">1</property>
          </packing>
        </child>
        <child>
          <object class="GtkHButtonBox" id="hbuttonbox2">
            <property name="visible">True</property>
            <property name="spacing">6</property>
            <property name="homogeneous">True</property>
            <property name="layout_style">center</property>
            <child>
              <object class="GtkButton" id="refresh">
                <property name="label">gtk-refresh</property>
                <property name="visible">True</property>
                <property name="can_focus">True</property>
                <property name="receives_default">True</property>
                <property name="tooltip-text" translatable="yes">Refresh the list of properties.</property>
                <property name="use_stock">True</property>
                <signal handler="on_refresh_clicked" name="clicked"/>
              </object>
              <packing>
                <property name="expand">False</property>
                <property name="fill">False</property>
                <property name="position">0</property>
              </packing>
            </child>
            <child>
              <object class="GtkButton" id="new">
                <property name="label">gtk-new</property>
                <property name="visible">True</property>
                <property name="can_focus">True</property>
                <property name="receives_default">True</property>
                <property name="tooltip-text" translatable="yes">Add a new property.</property>
                <property name="use_stock">True</property>
                <signal handler="on_new_clicked" name="clicked"/>
              </object>
              <packing>
                <property name="expand">False</property>
                <property name="fill">False</property>
                <property name="position">1</property>
              </packing>
            </child>
          </object>
          <packing>
            <property name="expand">False</property>
            <property name="fill">False</property>
            <property name="position">2</property>
          </packing>
        </child>
        <child>
          <object class="GtkHBox" id="note_box">
            <property name="visible">True</property>
            <property name="homogeneous">True</property>
            <child>
              <placeholder/>
            </child>
          </object>
          <packing>
            <property name="position">3</property>
          </packing>
        </child>
        <child>
          <object class="GtkHButtonBox" id="hbuttonbox1">
            <property name="visible">True</property>
            <property name="spacing">6</property>
            <property name="homogeneous">True</property>
            <property name="layout_style">end</property>
            <child>
              <object class="GtkButton" id="close">
                <property name="label">gtk-close</property>
                <property name="visible">True</property>
                <property name="can_focus">True</property>
                <property name="receives_default">True</property>
                <property name="tooltip-text" translatable="yes">Close this dialog.</property>
                <property name="use_stock">True</property>
                <signal handler="on_close_clicked" name="clicked"/>
              </object>
              <packing>
                <property name="expand">False</property>
                <property name="fill">False</property>
                <property name="position">0</property>
              </packing>
            </child>
          </object>
          <packing>
            <property name="expand">False</property>
            <property name="fill">False</property>
            <property name="position">4</property>
          </packing>
        </child>
      </object>
    </child>
  </object>
</interface>
