<?xml version="1.0"?>
<!--Generated with glade3 3.4.1 on Thu Oct 15 09:51:29 2009 -->
<interface>
  <object class="GtkWindow" id="Properties">
    <property name="width_request">600</property>
    <property name="visible">True</property>
    <property name="title" translatable="yes">Properties</property>
    <property name="window_position">GTK_WIN_POS_CENTER</property>
    <property name="icon_name">rabbitvcs-small</property>
    <signal handler="on_destroy" name="destroy"/>
    <signal handler="on_key_pressed" name="key_press_event"/>
    <child>
      <object class="GtkVBox" id="vbox12">
        <property name="orientation">vertical</property>
        <property name="visible">True</property>
        <property name="border_width">12</property>
        <property name="spacing">18</property>
        <child>
          <object class="GtkVBox" id="vbox1">
            <property name="orientation">vertical</property>
            <property name="visible">True</property>
            <property name="spacing">6</property>
            <child>
              <object class="GtkLabel" id="label1">
                <property name="visible">True</property>
                <property name="xalign">0</property>
                <property name="label" translatable="yes">&lt;b&gt;Properties for:&lt;/b&gt;</property>
                <property name="use_markup">True</property>
              </object>
              <packing>
                <property name="expand">False</property>
                <property name="fill">False</property>
              </packing>
            </child>
            <child>
              <object class="GtkAlignment" id="alignment13">
                <property name="visible">True</property>
                <property name="left_padding">12</property>
                <child>
                  <object class="GtkVBox" id="vbox13">
                    <property name="orientation">vertical</property>
                    <property name="visible">True</property>
                    <property name="spacing">6</property>
                    <child>
                      <object class="GtkHBox" id="hbox1">
                        <property name="visible">True</property>
                        <property name="spacing">6</property>
                        <child>
                          <object class="GtkEntry" id="path">
                            <property name="visible">True</property>
                            <property name="can_focus">True</property>
                            <property name="tooltip-text">URL/Path</property>
                            <signal handler="on_refresh_activate" name="activate"/>
                          </object>
                          <packing>
                            <property name="position">1</property>
                          </packing>
                        </child>
                        <child>
                          <object class="GtkButton" id="refresh">
                            <property name="visible">True</property>
                            <property name="can_focus">True</property>
                            <property name="receives_default">True</property>
                            <signal handler="on_refresh_activate" name="clicked"/>
                            <child>
                              <object class="GtkImage" id="image1">
                                <property name="visible">True</property>
                                <property name="stock">gtk-refresh</property>
                              </object>
                            </child>
                          </object>
                          <packing>
                            <property name="expand">False</property>
                            <property name="fill">False</property>
                            <property name="position">2</property>
                          </packing>
                        </child>
                        </object> 
                      <packing>
                        <property name="expand">False</property>
                        <property name="fill">False</property>
                      </packing>
                    </child>                    
                    <child>
                      <object class="GtkScrolledWindow" id="scrolledwindow12">
                        <property name="height_request">150</property>
                        <property name="visible">True</property>
                        <property name="can_focus">True</property>
                        <property name="hscrollbar_policy">GTK_POLICY_AUTOMATIC</property>
                        <property name="vscrollbar_policy">GTK_POLICY_AUTOMATIC</property>
                        <property name="shadow_type">GTK_SHADOW_ETCHED_IN</property>
                        <child>
                          <object class="GtkTreeView" id="table">
                            <property name="visible">True</property>
                            <property name="can_focus">True</property>
                            <property name="rubber_banding">True</property>
                            <signal handler="on_table_button_released" name="button_release_event"/>
                            <signal handler="on_table_cursor_changed" name="cursor_changed"/>
                          </object>
                        </child>
                      </object>
                      <packing>
                        <property name="position">1</property>
                      </packing>
                    </child>
                    <child>
                      <object class="GtkLabel" id="recursive_label">
                        <property name="visible">True</property>
                        <property name="label" translatable="yes">&lt;i&gt;Selected properties will be applied recursively.&lt;/i&gt;</property>
                        <property name="use_markup">True</property>
                      </object>
                      <packing>
                        <property name="expand">False</property>
                        <property name="fill">False</property>
                        <property name="position">2</property>
                      </packing>
                    </child>
                    <child>
                      <object class="GtkCheckButton" id="delete_recurse">
                        <property name="visible">True</property>
                        <property name="can_focus">True</property>
                        <property name="label" translatable="yes">Delete properties recursively</property>
                        <property name="draw_indicator">True</property>
                      </object>
                      <packing>
                        <property name="expand">False</property>
                        <property name="fill">False</property>
                        <property name="position">3</property>
                      </packing>
                    </child>
                    <child>
                      <object class="GtkHButtonBox" id="hbuttonbox9">
                        <property name="visible">True</property>
                        <property name="spacing">3</property>
                        <property name="layout_style">GTK_BUTTONBOX_START</property>
                        <child>
                          <object class="GtkButton" id="new">
                            <property name="visible">True</property>
                            <property name="can_focus">True</property>
                            <property name="receives_default">True</property>
                            <property name="label" translatable="yes">New...</property>
                            <signal handler="on_new_clicked" name="clicked"/>
                          </object>
                          <packing>
                            <property name="expand">False</property>
                            <property name="fill">False</property>
                          </packing>
                        </child>
                        <child>
                          <object class="GtkButton" id="edit">
                            <property name="visible">True</property>
                            <property name="sensitive">False</property>
                            <property name="can_focus">True</property>
                            <property name="receives_default">True</property>
                            <property name="label" translatable="yes">Edit...</property>
                            <signal handler="on_edit_clicked" name="clicked"/>
                          </object>
                          <packing>
                            <property name="expand">False</property>
                            <property name="fill">False</property>
                            <property name="position">1</property>
                          </packing>
                        </child>
                        <child>
                          <object class="GtkButton" id="delete">
                            <property name="visible">True</property>
                            <property name="sensitive">False</property>
                            <property name="can_focus">True</property>
                            <property name="receives_default">True</property>
                            <property name="label" translatable="yes">Delete</property>
                            <signal handler="on_delete_clicked" name="clicked"/>
                          </object>
                          <packing>
                            <property name="expand">False</property>
                            <property name="fill">False</property>
                            <property name="position">2</property>
                          </packing>
                        </child>
                      </object>
                      <packing>
                        <property name="expand">False</property>
                        <property name="fill">False</property>
                        <property name="position">4</property>
                      </packing>
                    </child>
                  </object>
                </child>
              </object>
              <packing>
                <property name="position">1</property>
              </packing>
            </child>
          </object>
        </child>
        <child>
          <object class="GtkHButtonBox" id="hbuttonbox8">
            <property name="visible">True</property>
            <property name="spacing">6</property>
            <property name="layout_style">GTK_BUTTONBOX_END</property>
            <child>
              <object class="GtkButton" id="cancel">
                <property name="visible">True</property>
                <property name="can_focus">True</property>
                <property name="receives_default">True</property>
                <property name="label">gtk-cancel</property>
                <property name="use_stock">True</property>
                <signal handler="on_cancel_clicked" name="clicked"/>
              </object>
              <packing>
                <property name="expand">False</property>
                <property name="fill">False</property>
              </packing>
            </child>
            <child>
              <object class="GtkButton" id="ok">
                <property name="visible">True</property>
                <property name="can_focus">True</property>
                <property name="receives_default">True</property>
                <property name="label">gtk-save</property>
                <property name="use_stock">True</property>
                <signal handler="on_ok_clicked" name="clicked"/>
              </object>
              <packing>
                <property name="expand">False</property>
                <property name="fill">False</property>
                <property name="position">1</property>
              </packing>
            </child>
          </object>
          <packing>
            <property name="expand">False</property>
            <property name="fill">False</property>
            <property name="pack_type">GTK_PACK_END</property>
            <property name="position">1</property>
          </packing>
        </child>
      </object>
    </child>
  </object>
</interface>
