<?xml version="1.0"?>
<interface>
  <!-- interface-requires gtk+ 2.12 -->
  <!-- interface-naming-policy project-wide -->
  <object class="GtkWindow" id="Pull">
    <property name="visible">True</property>
    <property name="title" translatable="yes">Pull</property>
    <property name="window_position">center-always</property>
    <signal handler="on_destroy" name="destroy"/>
    <child>
      <object class="GtkVBox" id="vbox1">
        <property name="visible">True</property>
        <property name="border_width">12</property>
        <property name="spacing">18</property>
        <child>
          <object class="GtkVBox" id="vbox3">
            <property name="visible">True</property>
            <property name="spacing">6</property>
            <child>
              <object class="GtkLabel" id="label1">
                <property name="visible">True</property>
                <property name="xalign">0</property>
                <property name="label" translatable="yes">&lt;b&gt;Pull Information&lt;/b&gt;</property>
                <property name="use_markup">True</property>
              </object>
              <packing>
                <property name="expand">False</property>
                <property name="fill">False</property>
                <property name="position">0</property>
              </packing>
            </child>
            <child>
              <object class="GtkAlignment" id="repository_container">
                <property name="visible">True</property>
                <property name="left_padding">12</property>
                <child>
                  <placeholder/>
                </child>
              </object>
              <packing>
                <property name="expand">False</property>
                <property name="position">1</property>
              </packing>
            </child>
          </object>
          <packing>
            <property name="expand">False</property>
            <property name="fill">False</property>
            <property name="position">0</property>
          </packing>
        </child>
        <child>
          <object class="GtkHBox" id="hbox1">
            <property name="visible">True</property>
            <child>
              <object class="GtkLabel" id="label2">
                <property name="width_request">90</property>
                <property name="visible">True</property>
              </object>
              <packing>
                <property name="expand">False</property>
                <property name="fill">False</property>
                <property name="position">0</property>
              </packing>
            </child>
            <child>
              <object class="GtkCheckButton" id="merge">
                <property name="label" translatable="yes">Merge changes into local branch</property>
                <property name="visible">True</property>
                <property name="can_focus">True</property>
                <property name="receives_default">False</property>
                <property name="active">True</property>
                <property name="draw_indicator">True</property>
              </object>
              <packing>
                <property name="expand">False</property>
                <property name="fill">False</property>
                <property name="position">1</property>
              </packing>
            </child>
          </object>
          <packing>
            <property name="expand">False</property>
            <property name="fill">False</property>
            <property name="position">2</property>
          </packing>
        </child>
        <child>
          <object class="GtkHButtonBox" id="hbuttonbox1">
            <property name="visible">True</property>
            <property name="spacing">6</property>
            <property name="layout_style">end</property>
            <child>
              <object class="GtkButton" id="cancel">
                <property name="label">gtk-cancel</property>
                <property name="visible">True</property>
                <property name="can_focus">True</property>
                <property name="receives_default">True</property>
                <property name="use_stock">True</property>
                <signal handler="on_cancel_clicked" name="clicked"/>
              </object>
              <packing>
                <property name="expand">False</property>
                <property name="fill">False</property>
                <property name="position">0</property>
              </packing>
            </child>
            <child>
              <object class="GtkButton" id="ok">
                <property name="label">gtk-ok</property>
                <property name="visible">True</property>
                <property name="can_focus">True</property>
                <property name="receives_default">True</property>
                <property name="use_stock">True</property>
                <signal handler="on_ok_clicked" name="clicked"/>
              </object>
              <packing>
                <property name="expand">False</property>
                <property name="fill">False</property>
                <property name="position">1</property>
              </packing>
            </child>
          </object>
          <packing>
            <property name="expand">False</property>
            <property name="fill">False</property>
            <property name="pack_type">end</property>
            <property name="position">1</property>
          </packing>
        </child>
      </object>
    </child>
  </object>
</interface>
