<?xml version="1.0"?>
<!--Generated with glade3 3.4.5 on Thu Feb 12 09:48:19 2009 -->
<interface>
  <object class="GtkWindow" id="Relocate">
    <property name="width_request">640</property>
    <property name="visible">True</property>
    <property name="title" translatable="yes">Relocate</property>
    <property name="window_position">center</property>
    <property name="icon_name">rabbitvcs-small</property>
    <signal handler="on_destroy" name="destroy"/>
    <signal handler="on_key_pressed" name="key_press_event"/>
    <child>
      <object class="GtkVBox" id="vbox28">
        <property name="orientation">vertical</property>
        <property name="visible">True</property>
        <property name="border_width">12</property>
        <property name="spacing">18</property>
        <child>
          <object class="GtkVBox" id="vbox1">
            <property name="orientation">vertical</property>
            <property name="visible">True</property>
            <property name="spacing">6</property>
            <child>
              <object class="GtkLabel" id="label1">
                <property name="visible">True</property>
                <property name="xalign">0</property>
                <property name="label" translatable="yes">&lt;b&gt;Change the repository of your working copy&lt;/b&gt;</property>
                <property name="use_markup">True</property>
              </object>
              <packing>
                <property name="expand">False</property>
                <property name="fill">False</property>
              </packing>
            </child>
            <child>
              <object class="GtkAlignment" id="alignment1">
                <property name="visible">True</property>
                <property name="left_padding">12</property>
                <child>
                  <object class="GtkVBox" id="vbox29">
                    <property name="orientation">vertical</property>
                    <property name="visible">True</property>
                    <property name="spacing">6</property>
                    <child>
                      <object class="GtkHBox" id="hbox15">
                        <property name="visible">True</property>
                        <property name="spacing">6</property>
                        <child>
                          <object class="GtkLabel" id="label44">
                            <property name="width_request">100</property>
                            <property name="visible">True</property>
                            <property name="xalign">0</property>
                            <property name="label" translatable="yes">From:</property>
                          </object>
                          <packing>
                            <property name="expand">False</property>
                            <property name="fill">False</property>
                          </packing>
                        </child>
                        <child>
                          <object class="GtkEntry" id="from_url">
                            <property name="visible">True</property>
                            <property name="can_focus">True</property>
                          </object>
                          <packing>
                            <property name="position">1</property>
                          </packing>
                        </child>
                      </object>
                      <packing>
                        <property name="expand">False</property>
                        <property name="fill">False</property>
                      </packing>
                    </child>
                    <child>
                      <object class="GtkHBox" id="hbox16">
                        <property name="visible">True</property>
                        <property name="spacing">6</property>
                        <child>
                          <object class="GtkLabel" id="label46">
                            <property name="width_request">100</property>
                            <property name="visible">True</property>
                            <property name="xalign">0</property>
                            <property name="label" translatable="yes">To:</property>
                          </object>
                          <packing>
                            <property name="expand">False</property>
                            <property name="fill">False</property>
                          </packing>
                        </child>
                        <child>
                          <object class="GtkComboBoxEntry" id="to_urls">
                            <property name="visible">True</property>
                            <child internal-child="entry">
                              <object class="GtkEntry" id="to_url">
                                <property name="visible">True</property>
                                <property name="can_focus">True</property>
                              </object>
                            </child>
                          </object>
                          <packing>
                            <property name="position">1</property>
                          </packing>
                        </child>
                      </object>
                      <packing>
                        <property name="expand">False</property>
                        <property name="fill">False</property>
                        <property name="position">1</property>
                      </packing>
                    </child>
                  </object>
                </child>
              </object>
              <packing>
                <property name="expand">False</property>
                <property name="fill">False</property>
                <property name="position">1</property>
              </packing>
            </child>
          </object>
          <packing>
            <property name="expand">False</property>
            <property name="fill">False</property>
          </packing>
        </child>
        <child>
          <object class="GtkHButtonBox" id="hbuttonbox17">
            <property name="visible">True</property>
            <property name="spacing">6</property>
            <property name="layout_style">GTK_BUTTONBOX_END</property>
            <child>
              <object class="GtkButton" id="cancel">
                <property name="visible">True</property>
                <property name="can_focus">True</property>
                <property name="receives_default">True</property>
                <property name="label">gtk-cancel</property>
                <property name="use_stock">True</property>
                <signal handler="on_cancel_clicked" name="clicked"/>
              </object>
            </child>
            <child>
              <object class="GtkButton" id="ok">
                <property name="visible">True</property>
                <property name="can_focus">True</property>
                <property name="receives_default">True</property>
                <property name="label">gtk-ok</property>
                <property name="use_stock">True</property>
                <signal handler="on_ok_clicked" name="clicked"/>
              </object>
              <packing>
                <property name="position">1</property>
              </packing>
            </child>
          </object>
          <packing>
            <property name="expand">False</property>
            <property name="fill">False</property>
            <property name="pack_type">GTK_PACK_END</property>
            <property name="position">1</property>
          </packing>
        </child>
      </object>
    </child>
  </object>
</interface>
