<?xml version="1.0"?>
<interface>
  <!-- interface-requires gtk+ 2.12 -->
  <!-- interface-naming-policy project-wide -->
  <object class="GtkWindow" id="Reset">
    <property name="visible">True</property>
    <property name="title" translatable="yes">Reset</property>
    <property name="window_position">center-always</property>
    <signal handler="on_destroy" name="destroy"/>
    <child>
      <object class="GtkVBox" id="vbox1">
        <property name="visible">True</property>
        <property name="border_width">12</property>
        <property name="orientation">vertical</property>
        <property name="spacing">18</property>
        <child>
          <object class="GtkVBox" id="vbox6">
            <property name="visible">True</property>
            <property name="orientation">vertical</property>
            <property name="spacing">6</property>
            <child>
              <object class="GtkLabel" id="label1">
                <property name="visible">True</property>
                <property name="xalign">0</property>
                <property name="label" translatable="yes">&lt;b&gt;Reset your Repository&lt;/b&gt;</property>
                <property name="use_markup">True</property>
              </object>
              <packing>
                <property name="expand">False</property>
                <property name="fill">False</property>
                <property name="position">0</property>
              </packing>
            </child>
            <child>
              <object class="GtkLabel" id="label3">
                <property name="visible">True</property>
                <property name="xalign">0</property>
                <property name="label" translatable="yes">Reset current HEAD to specified state.</property>
              </object>
              <packing>
                <property name="expand">False</property>
                <property name="fill">False</property>
                <property name="position">1</property>
              </packing>
            </child>
          </object>
          <packing>
            <property name="position">0</property>
          </packing>
        </child>
        <child>
          <object class="GtkVBox" id="vbox7">
            <property name="visible">True</property>
            <property name="orientation">vertical</property>
            <property name="spacing">6</property>
            <child>
              <object class="GtkLabel" id="label9">
                <property name="visible">True</property>
                <property name="xalign">0</property>
                <property name="label" translatable="yes">&lt;b&gt;Path&lt;/b&gt;</property>
                <property name="use_markup">True</property>
              </object>
              <packing>
                <property name="position">0</property>
              </packing>
            </child>
            <child>
              <object class="GtkAlignment" id="alignment2">
                <property name="visible">True</property>
                <property name="left_padding">12</property>
                <child>
                  <object class="GtkHBox" id="hbox1">
                    <property name="visible">True</property>
                    <property name="spacing">6</property>
                    <child>
                      <object class="GtkEntry" id="path">
                        <property name="visible">True</property>
                        <property name="can_focus">True</property>
                        <property name="invisible_char">&#x25CF;</property>
                        <signal handler="on_path_changed" name="changed"/>
                      </object>
                      <packing>
                        <property name="position">0</property>
                      </packing>
                    </child>
                    <child>
                      <object class="GtkButton" id="browse">
                        <property name="visible">True</property>
                        <property name="can_focus">True</property>
                        <property name="receives_default">True</property>
                        <signal handler="on_browse_clicked" name="clicked"/>
                        <child>
                          <object class="GtkImage" id="image1">
                            <property name="visible">True</property>
                            <property name="stock">gtk-harddisk</property>
                          </object>
                        </child>
                      </object>
                      <packing>
                        <property name="expand">False</property>
                        <property name="fill">False</property>
                        <property name="position">1</property>
                      </packing>
                    </child>
                  </object>
                </child>
              </object>
              <packing>
                <property name="position">1</property>
              </packing>
            </child>
          </object>
          <packing>
            <property name="expand">False</property>
            <property name="fill">False</property>
            <property name="position">1</property>
          </packing>
        </child>
        <child>
          <object class="GtkVBox" id="vboxa">
            <property name="visible">True</property>
            <property name="orientation">vertical</property>
            <property name="spacing">6</property>
            <child>
              <object class="GtkLabel" id="label8">
                <property name="visible">True</property>
                <property name="xalign">0</property>
                <property name="label" translatable="yes">&lt;b&gt;Revision&lt;/b&gt;</property>
                <property name="use_markup">True</property>
              </object>
              <packing>
                <property name="position">0</property>
              </packing>
            </child>
            <child>
              <object class="GtkAlignment" id="revision_container">
                <property name="visible">True</property>
                <property name="left_padding">12</property>
                <child>
                  <placeholder/>
                </child>
              </object>
              <packing>
                <property name="position">1</property>
              </packing>
            </child>
          </object>
          <packing>
            <property name="position">2</property>
          </packing>
        </child>
        <child>
          <object class="GtkVBox" id="vbox2">
            <property name="visible">True</property>
            <property name="orientation">vertical</property>
            <property name="spacing">6</property>
            <child>
              <object class="GtkVBox" id="vbox3">
                <property name="visible">True</property>
                <property name="orientation">vertical</property>
                <property name="spacing">6</property>
                <child>
                  <object class="GtkLabel" id="label2">
                    <property name="visible">True</property>
                    <property name="xalign">0</property>
                    <property name="label" translatable="yes">&lt;b&gt;Options&lt;/b&gt;</property>
                    <property name="use_markup">True</property>
                  </object>
                  <packing>
                    <property name="position">0</property>
                  </packing>
                </child>
                <child>
                  <object class="GtkAlignment" id="alignment1">
                    <property name="visible">True</property>
                    <property name="left_padding">12</property>
                    <child>
                      <object class="GtkVBox" id="vbox4">
                        <property name="visible">True</property>
                        <property name="orientation">vertical</property>
                        <property name="spacing">6</property>
                        <child>
                          <object class="GtkRadioButton" id="mixed_opt">
                            <property name="visible">True</property>
                            <property name="can_focus">True</property>
                            <property name="receives_default">False</property>
                            <property name="draw_indicator">True</property>
                            <child>
                              <object class="GtkLabel" id="label4">
                                <property name="visible">True</property>
                                <property name="label" translatable="yes">&lt;i&gt;Mixed&lt;/i&gt; - Reset the index but not the working tree</property>
                                <property name="use_markup">True</property>
                              </object>
                            </child>
                          </object>
                          <packing>
                            <property name="position">0</property>
                          </packing>
                        </child>
                        <child>
                          <object class="GtkRadioButton" id="soft_opt">
                            <property name="visible">True</property>
                            <property name="can_focus">True</property>
                            <property name="receives_default">False</property>
                            <property name="draw_indicator">True</property>
                            <property name="group">mixed_opt</property>
                            <child>
                              <object class="GtkLabel" id="label5">
                                <property name="visible">True</property>
                                <property name="label" translatable="yes">&lt;i&gt;Soft&lt;/i&gt; - Does not touch the index file or working tree at all, 
but requires them to be in good working order</property>
                                <property name="use_markup">True</property>
                              </object>
                            </child>
                          </object>
                          <packing>
                            <property name="position">1</property>
                          </packing>
                        </child>
                        <child>
                          <object class="GtkRadioButton" id="hard_opt">
                            <property name="visible">True</property>
                            <property name="can_focus">True</property>
                            <property name="receives_default">False</property>
                            <property name="draw_indicator">True</property>
                            <property name="group">mixed_opt</property>
                            <child>
                              <object class="GtkLabel" id="label6">
                                <property name="visible">True</property>
                                <property name="label" translatable="yes">&lt;i&gt;Hard&lt;/i&gt; - Matches the working tree and index to that of the 
tree being switched to</property>
                                <property name="use_markup">True</property>
                              </object>
                            </child>
                          </object>
                          <packing>
                            <property name="position">2</property>
                          </packing>
                        </child>
                        <child>
                          <object class="GtkRadioButton" id="merge_opt">
                            <property name="visible">True</property>
                            <property name="can_focus">True</property>
                            <property name="receives_default">False</property>
                            <property name="draw_indicator">True</property>
                            <property name="group">mixed_opt</property>
                            <child>
                              <object class="GtkLabel" id="label7">
                                <property name="visible">True</property>
                                <property name="label" translatable="yes">&lt;i&gt;Merge&lt;/i&gt; - Resets the index to match the tree recorded by the named commit,
and updates the files that are different between the named commit
and the current commit in the working tree</property>
                                <property name="use_markup">True</property>
                              </object>
                            </child>
                          </object>
                          <packing>
                            <property name="position">3</property>
                          </packing>
                        </child>
                        <child>
                          <object class="GtkRadioButton" id="none_opt">
                            <property name="label" translatable="yes">None</property>
                            <property name="visible">True</property>
                            <property name="can_focus">True</property>
                            <property name="receives_default">False</property>
                            <property name="active">True</property>
                            <property name="draw_indicator">True</property>
                            <property name="group">mixed_opt</property>
                          </object>
                          <packing>
                            <property name="position">4</property>
                          </packing>
                        </child>
                      </object>
                    </child>
                  </object>
                  <packing>
                    <property name="position">1</property>
                  </packing>
                </child>
              </object>
              <packing>
                <property name="position">0</property>
              </packing>
            </child>
          </object>
          <packing>
            <property name="position">3</property>
          </packing>
        </child>
        <child>
          <object class="GtkHButtonBox" id="hbuttonbox1">
            <property name="visible">True</property>
            <property name="spacing">6</property>
            <property name="layout_style">end</property>
            <child>
              <object class="GtkButton" id="cancel">
                <property name="label">gtk-cancel</property>
                <property name="visible">True</property>
                <property name="can_focus">True</property>
                <property name="receives_default">True</property>
                <property name="use_stock">True</property>
                <signal handler="on_cancel_clicked" name="clicked"/>
              </object>
              <packing>
                <property name="expand">False</property>
                <property name="fill">False</property>
                <property name="position">0</property>
              </packing>
            </child>
            <child>
              <object class="GtkButton" id="ok">
                <property name="label">gtk-ok</property>
                <property name="visible">True</property>
                <property name="can_focus">True</property>
                <property name="receives_default">True</property>
                <property name="use_stock">True</property>
                <signal handler="on_ok_clicked" name="clicked"/>
              </object>
              <packing>
                <property name="expand">False</property>
                <property name="fill">False</property>
                <property name="position">1</property>
              </packing>
            </child>
          </object>
          <packing>
            <property name="expand">False</property>
            <property name="fill">False</property>
            <property name="position">4</property>
          </packing>
        </child>
      </object>
    </child>
  </object>
</interface>
