<?xml version="1.0"?>
<interface>
  <!-- interface-requires gtk+ 2.6 -->
  <!-- interface-naming-policy toplevel-contextual -->
  <object class="GtkWindow" id="Revert">
    <property name="width_request">450</property>
    <property name="visible">True</property>
    <property name="title" translatable="yes">Revert</property>
    <property name="window_position">center</property>
    <property name="default_width">400</property>
    <property name="default_height">300</property>
    <property name="icon_name">rabbitvcs-small</property>
    <property name="gravity">center</property>
    <signal handler="on_destroy" name="destroy"/>
    <signal handler="on_key_pressed" name="key_press_event"/>
    <child>
      <object class="GtkVBox" id="vbox1">
        <property name="visible">True</property>
        <property name="border_width">12</property>
        <property name="orientation">vertical</property>
        <property name="spacing">6</property>
        <child>
          <object class="GtkScrolledWindow" id="scrolledwindow1">
            <property name="height_request">200</property>
            <property name="visible">True</property>
            <property name="can_focus">True</property>
            <property name="hscrollbar_policy">automatic</property>
            <property name="vscrollbar_policy">automatic</property>
            <property name="shadow_type">etched-in</property>
            <child>
              <object class="GtkTreeView" id="files_table">
                <property name="visible">True</property>
                <property name="can_focus">True</property>
              </object>
            </child>
          </object>
          <packing>
            <property name="position">0</property>
          </packing>
        </child>
        <child>
          <object class="GtkCheckButton" id="select_all">
            <property name="label" translatable="yes">Select / Deselect all</property>
            <property name="visible">True</property>
            <property name="can_focus">True</property>
            <property name="receives_default">False</property>
            <property name="active">True</property>
            <property name="draw_indicator">True</property>
            <signal handler="on_select_all_toggled" name="toggled"/>
          </object>
          <packing>
            <property name="expand">False</property>
            <property name="fill">False</property>
            <property name="position">1</property>
          </packing>
        </child>
        <child>
          <object class="GtkHBox" id="hbox1">
            <property name="visible">True</property>
            <child>
              <object class="GtkLabel" id="status">
                <property name="visible">True</property>
                <property name="xalign">0</property>
              </object>
              <packing>
                <property name="expand">False</property>
                <property name="fill">False</property>
                <property name="position">1</property>
              </packing>
            </child>
            <child>
              <object class="GtkHButtonBox" id="hbuttonbox2">
                <property name="visible">True</property>
                <property name="spacing">6</property>
                <property name="layout_style">end</property>
                <child>
                  <object class="GtkButton" id="cancel">
                    <property name="label">gtk-cancel</property>
                    <property name="visible">True</property>
                    <property name="can_focus">True</property>
                    <property name="receives_default">True</property>
                    <property name="use_stock">True</property>
                    <signal handler="on_cancel_clicked" name="clicked"/>
                  </object>
                  <packing>
                    <property name="expand">False</property>
                    <property name="fill">False</property>
                    <property name="position">0</property>
                  </packing>
                </child>
                <child>
                  <object class="GtkButton" id="ok">
                    <property name="label">gtk-ok</property>
                    <property name="visible">True</property>
                    <property name="can_focus">True</property>
                    <property name="receives_default">True</property>
                    <property name="use_stock">True</property>
                    <signal handler="on_ok_clicked" name="clicked"/>
                  </object>
                  <packing>
                    <property name="expand">False</property>
                    <property name="fill">False</property>
                    <property name="position">1</property>
                  </packing>
                </child>
              </object>
              <packing>
                <property name="expand">False</property>
                <property name="fill">False</property>
                <property name="pack_type">end</property>
                <property name="position">1</property>
              </packing>
            </child>
          </object>
          <packing>
            <property name="expand">False</property>
            <property name="fill">False</property>
            <property name="pack_type">end</property>
            <property name="position">2</property>
          </packing>
        </child>
      </object>
    </child>
  </object>
</interface>