<?xml version="1.0"?>
<interface>
  <!-- interface-requires gtk+ 2.6 -->
  <!-- interface-naming-policy toplevel-contextual -->
  <object class="GtkWindow" id="Update">
    <property name="width_request">400</property>
    <property name="visible">True</property>
    <property name="title" translatable="yes">Update</property>
    <property name="window_position">center-always</property>
    <property name="icon_name">rabbitvcs-small</property>
    <signal name="destroy" handler="on_destroy"/>
    <signal handler="on_key_pressed" name="key_press_event"/>
    <child>
      <object class="GtkVBox" id="vbox25">
        <property name="visible">True</property>
        <property name="border_width">12</property>
        <property name="spacing">18</property>
        <child>
          <object class="GtkVBox" id="revision_box">
            <property name="visible">True</property>
            <property name="spacing">6</property>
            <child>
              <object class="GtkLabel" id="revision_label">
                <property name="visible">True</property>
                <property name="xalign">0</property>
                <property name="label" translatable="yes">&lt;b&gt;Revision&lt;/b&gt;</property>
                <property name="use_markup">True</property>
              </object>
              <packing>
                <property name="expand">False</property>
                <property name="fill">False</property>
                <property name="position">0</property>
              </packing>
            </child>
            <child>
              <object class="GtkAlignment" id="revision_container">
                <property name="visible">True</property>
                <property name="left_padding">12</property>
                <child>
                  <placeholder/>
                </child>
              </object>
              <packing>
                <property name="expand">False</property>
                <property name="fill">False</property>
                <property name="position">1</property>
              </packing>
            </child>
          </object>
          <packing>
            <property name="expand">False</property>
            <property name="fill">False</property>
            <property name="position">1</property>
          </packing>
        </child>
        <child>
          <object class="GtkVBox" id="options_box">
            <property name="spacing">6</property>
            <child>
              <object class="GtkLabel" id="label2">
                <property name="visible">True</property>
                <property name="xalign">0</property>
                <property name="label" translatable="yes">&lt;b&gt;Options&lt;/b&gt;</property>
                <property name="use_markup">True</property>
              </object>
              <packing>
                <property name="expand">False</property>
                <property name="fill">False</property>
                <property name="position">0</property>
              </packing>
            </child>
            <child>
              <object class="GtkAlignment" id="alignment2">
                <property name="visible">True</property>
                <property name="left_padding">12</property>
                <child>
                  <object class="GtkVBox" id="vbox26">
                    <property name="visible">True</property>
                    <child>
                      <object class="GtkCheckButton" id="recursive">
                        <property name="label" translatable="yes">Recursive</property>
                        <property name="visible">True</property>
                        <property name="can_focus">True</property>
                        <property name="receives_default">False</property>
                        <property name="active">True</property>
                        <property name="draw_indicator">True</property>
                      </object>
                      <packing>
                        <property name="expand">False</property>
                        <property name="fill">False</property>
                        <property name="position">0</property>
                      </packing>
                    </child>
                    <child>
                      <object class="GtkCheckButton" id="omit_externals">
                        <property name="label" translatable="yes">Omit Externals</property>
                        <property name="visible">True</property>
                        <property name="can_focus">True</property>
                        <property name="receives_default">False</property>
                        <property name="draw_indicator">True</property>
                      </object>
                      <packing>
                        <property name="expand">False</property>
                        <property name="fill">False</property>
                        <property name="position">1</property>
                      </packing>
                    </child>
                    <child>
                      <object class="GtkCheckButton" id="rollback">
                        <property name="label" translatable="yes">Rollback to specified revision number</property>
                        <property name="visible">True</property>
                        <property name="sensitive">False</property>
                        <property name="can_focus">True</property>
                        <property name="receives_default">False</property>
                        <property name="draw_indicator">True</property>
                      </object>
                      <packing>
                        <property name="position">2</property>
                      </packing>
                    </child>
                  </object>
                </child>
              </object>
              <packing>
                <property name="expand">False</property>
                <property name="fill">False</property>
                <property name="position">1</property>
              </packing>
            </child>
          </object>
          <packing>
            <property name="expand">False</property>
            <property name="fill">False</property>
            <property name="position">2</property>
          </packing>
        </child>
        <child>
          <object class="GtkHButtonBox" id="hbuttonbox16">
            <property name="visible">True</property>
            <property name="spacing">6</property>
            <property name="layout_style">end</property>
            <child>
              <object class="GtkButton" id="cancel">
                <property name="label">gtk-cancel</property>
                <property name="visible">True</property>
                <property name="can_focus">True</property>
                <property name="receives_default">True</property>
                <property name="use_stock">True</property>
                <signal name="clicked" handler="on_cancel_clicked"/>
              </object>
              <packing>
                <property name="expand">False</property>
                <property name="fill">False</property>
                <property name="position">0</property>
              </packing>
            </child>
            <child>
              <object class="GtkButton" id="ok">
                <property name="label">gtk-ok</property>
                <property name="visible">True</property>
                <property name="can_focus">True</property>
                <property name="receives_default">True</property>
                <property name="use_stock">True</property>
                <signal name="clicked" handler="on_ok_clicked"/>
              </object>
              <packing>
                <property name="expand">False</property>
                <property name="fill">False</property>
                <property name="position">1</property>
              </packing>
            </child>
          </object>
          <packing>
            <property name="expand">False</property>
            <property name="fill">False</property>
            <property name="pack_type">end</property>
            <property name="position">0</property>
          </packing>
        </child>
      </object>
    </child>
  </object>
</interface>
