<gapi-parser-input>
  <api filename="../gio/gio-api-2.18.raw">
    <library name="libgio-2.0-0.dll">
      <namespace name="G">
        <directory path="glib-2.18.4/gio">
          <exclude>gasynchelper.h</exclude>
          <exclude>gcontenttypeprivate.h</exclude>
          <exclude>gdummyfile.h</exclude>
          <exclude>gfileattribute-priv.h</exclude>
          <exclude>gioalias.h</exclude>
          <exclude>gio-marshal.h</exclude>
          <exclude>giomodule-priv.h</exclude>
          <exclude>glocalfile.h</exclude>
          <exclude>glocalfileinfo.h</exclude>
          <exclude>glocalfileinputstream.h</exclude>
          <exclude>glocalfilemonitor.h</exclude>
          <exclude>glocalfileoutputstream.h</exclude>
          <exclude>glocalvfs.h</exclude>
          <exclude>gmountprivate.h</exclude>
          <exclude>gpollfilemonitor.h</exclude>
          <exclude>gunionvolumemonitor.h</exclude>
          <exclude>gunixinputstream.h</exclude>
          <exclude>gunixmount.h</exclude>
          <exclude>gunixmounts.h</exclude>
          <exclude>gunixoutputstream.h</exclude>
          <exclude>gunixvolume.h</exclude>
          <exclude>gunixvolumemonitor.h</exclude>
          <exclude>gwin32appinfo.h</exclude>
          <exclude>gwin32mount.h</exclude>
          <exclude>gwin32volumemonitor.h</exclude>
	</directory>
      </namespace>
    </library>
  </api>
</gapi-parser-input>
