<gapi-parser-input>
  <api filename="../gio/gio-api-2.22.raw">
    <library name="libgio-2.0-0.dll">
      <namespace name="G">
        <directory path="glib-2.22.2/gio">
          <exclude>gasynchelper.h</exclude>
          <exclude>gcontenttypeprivate.h</exclude>
          <exclude>gdummyfile.h</exclude>
          <exclude>gfileattribute-priv.h</exclude>
	  <exclude>ginetaddress.h</exclude>
	  <exclude>ginetsocketaddress.h</exclude>
          <exclude>gioalias.h</exclude>
          <exclude>gio-marshal.h</exclude>
          <exclude>giomodule-priv.h</exclude>
          <exclude>glocalfile.h</exclude>
          <exclude>glocalfileinfo.h</exclude>
          <exclude>glocalfileinputstream.h</exclude>
          <exclude>glocalfilemonitor.h</exclude>
          <exclude>glocalfileoutputstream.h</exclude>
          <exclude>glocalvfs.h</exclude>
          <exclude>gmountprivate.h</exclude>
          <exclude>gpollfilemonitor.h</exclude>
	  <exclude>gresolver.h</exclude>
	  <exclude>gsocket.h</exclude>
	  <exclude>gsocketaddress.h</exclude>
	  <exclude>gsocketaddressenumerator.h</exclude>
	  <exclude>gsocketclient.h</exclude>
	  <exclude>gsocketconnectable.h</exclude>
	  <exclude>gsocketconnection.h</exclude>
	  <exclude>gsocketcontrolmessage.h</exclude>
	  <exclude>gsocketinputstream.h</exclude>
	  <exclude>gsocketlistener.h</exclude>
	  <exclude>gsocketoutputstream.h</exclude>
	  <exclude>gsocketservice.h</exclude>
	  <exclude>gtcpconnection.h</exclude>
	  <exclude>gthreadedresolver.h</exclude>
	  <exclude>gthreadedsocketservice.h</exclude>
	  <exclude>gudpconnection.h</exclude>
          <exclude>gunionvolumemonitor.h</exclude>
	  <exclude>gunixconnection.h</exclude>
	  <exclude>gunixfdmessage.h</exclude>
          <exclude>gunixinputstream.h</exclude>
          <exclude>gunixmount.h</exclude>
          <exclude>gunixmounts.h</exclude>
          <exclude>gunixoutputstream.h</exclude>
	  <exclude>gunixresolver.h</exclude>
	  <exclude>gunixsocketaddress.h</exclude>
          <exclude>gunixvolume.h</exclude>
          <exclude>gunixvolumemonitor.h</exclude>
          <exclude>gwin32appinfo.h</exclude>
          <exclude>gwin32mount.h</exclude>
          <exclude>gwin32volumemonitor.h</exclude>
	  <exclude>gwin32resolver.h</exclude>
	</directory>
      </namespace>
    </library>
  </api>
</gapi-parser-input>
