<?xml version="1.0"?>
<interface>
  <!-- interface-requires gtk+ 2.10 -->
  <!-- interface-naming-policy toplevel-contextual -->



  <object class="GtkDialog" id="Authentication">
    <property name="width_request">450</property>
    <property name="border_width">5</property>
    <property name="title" translatable="yes">Authentication</property>
    <property name="window_position">center</property>
    <property name="icon_name">rabbitvcs-small</property>
    <property name="type_hint">dialog</property>
    <property name="has_separator">False</property>
    <child internal-child="vbox">
      <object class="GtkVBox" id="dialog-vbox4">
        <property name="visible">True</property>
        <property name="spacing">12</property>
        <child>
          <object class="GtkVBox" id="vbox1">
            <property name="visible">True</property>
            <property name="border_width">6</property>
            <property name="spacing">6</property>
            <child>
              <object class="GtkLabel" id="label2">
                <property name="visible">True</property>
                <property name="xalign">0</property>
                <property name="label" translatable="yes">&lt;b&gt;Please add your authentication details&lt;/b&gt;</property>
                <property name="use_markup">True</property>
              </object>
              <packing>
                <property name="expand">False</property>
                <property name="fill">False</property>
                <property name="position">0</property>
              </packing>
            </child>
            <child>
              <object class="GtkAlignment" id="alignment11">
                <property name="visible">True</property>
                <property name="left_padding">12</property>
                <child>
                  <object class="GtkVBox" id="vbox3">
                    <property name="visible">True</property>
                    <property name="spacing">6</property>
                    <child>
                      <object class="GtkHBox" id="hbox2">
                        <property name="visible">True</property>
                        <child>
                          <object class="GtkLabel" id="label3">
                            <property name="width_request">100</property>
                            <property name="visible">True</property>
                            <property name="xalign">0</property>
                            <property name="yalign">0</property>
                            <property name="label" translatable="yes">Realm:</property>
                          </object>
                          <packing>
                            <property name="expand">False</property>
                            <property name="fill">False</property>
                            <property name="position">0</property>
                          </packing>
                        </child>
                        <child>
                          <object class="GtkLabel" id="auth_realm">
                            <property name="width_request">300</property>
                            <property name="visible">True</property>
                            <property name="xalign">0</property>
                            <property name="yalign">0</property>
                            <property name="wrap">True</property>
                            <property name="wrap_mode">char</property>
                            <property name="selectable">True</property>
                          </object>
                          <packing>
                            <property name="position">1</property>
                          </packing>
                        </child>
                      </object>
                      <packing>
                        <property name="position">0</property>
                      </packing>
                    </child>
                    <child>
                      <object class="GtkHBox" id="hbox3">
                        <property name="visible">True</property>
                        <child>
                          <object class="GtkLabel" id="label4">
                            <property name="width_request">100</property>
                            <property name="visible">True</property>
                            <property name="xalign">0</property>
                            <property name="label" translatable="yes">Login:</property>
                          </object>
                          <packing>
                            <property name="expand">False</property>
                            <property name="fill">False</property>
                            <property name="position">0</property>
                          </packing>
                        </child>
                        <child>
                          <object class="GtkEntry" id="auth_login">
                            <property name="visible">True</property>
                            <property name="can_focus">True</property>
                            <property name="activates_default">True</property>
                          </object>
                          <packing>
                            <property name="position">1</property>
                          </packing>
                        </child>
                      </object>
                      <packing>
                        <property name="position">1</property>
                      </packing>
                    </child>
                    <child>
                      <object class="GtkHBox" id="hbox4">
                        <property name="visible">True</property>
                        <child>
                          <object class="GtkLabel" id="label5">
                            <property name="width_request">100</property>
                            <property name="visible">True</property>
                            <property name="xalign">0</property>
                            <property name="label" translatable="yes">Password:</property>
                          </object>
                          <packing>
                            <property name="expand">False</property>
                            <property name="fill">False</property>
                            <property name="position">0</property>
                          </packing>
                        </child>
                        <child>
                          <object class="GtkEntry" id="auth_password">
                            <property name="visible">True</property>
                            <property name="can_focus">True</property>
                            <property name="visibility">False</property>
                            <property name="activates_default">True</property>
                          </object>
                          <packing>
                            <property name="position">1</property>
                          </packing>
                        </child>
                      </object>
                      <packing>
                        <property name="position">2</property>
                      </packing>
                    </child>
                    <child>
                      <object class="GtkHBox" id="hbox5">
                        <property name="visible">True</property>
                        <child>
                          <object class="GtkLabel" id="label6">
                            <property name="width_request">100</property>
                            <property name="visible">True</property>
                          </object>
                          <packing>
                            <property name="expand">False</property>
                            <property name="fill">False</property>
                            <property name="position">0</property>
                          </packing>
                        </child>
                        <child>
                          <object class="GtkCheckButton" id="auth_save">
                            <property name="label" translatable="yes">Save Authentication</property>
                            <property name="visible">True</property>
                            <property name="can_focus">True</property>
                            <property name="receives_default">False</property>
                            <property name="draw_indicator">True</property>
                          </object>
                          <packing>
                            <property name="position">1</property>
                          </packing>
                        </child>
                      </object>
                      <packing>
                        <property name="position">3</property>
                      </packing>
                    </child>
                  </object>
                </child>
              </object>
              <packing>
                <property name="position">1</property>
              </packing>
            </child>
          </object>
          <packing>
            <property name="expand">False</property>
            <property name="fill">False</property>
            <property name="position">1</property>
          </packing>
        </child>
        <child internal-child="action_area">
          <object class="GtkHButtonBox" id="dialog-action_area4">
            <property name="visible">True</property>
            <property name="layout_style">end</property>
            <child>
              <object class="GtkButton" id="auth_cancel">
                <property name="label">gtk-cancel</property>
                <property name="visible">True</property>
                <property name="can_focus">True</property>
                <property name="receives_default">False</property>
                <property name="use_stock">True</property>
              </object>
              <packing>
                <property name="expand">False</property>
                <property name="fill">False</property>
                <property name="position">0</property>
              </packing>
            </child>
            <child>
              <object class="GtkButton" id="auth_ok">
                <property name="label">gtk-ok</property>
                <property name="visible">True</property>
                <property name="can_focus">True</property>
                <property name="can_default">True</property>
                <property name="has_default">True</property>
                <property name="receives_default">True</property>
                <property name="use_stock">True</property>
              </object>
              <packing>
                <property name="expand">False</property>
                <property name="fill">False</property>
                <property name="position">1</property>
              </packing>
            </child>
          </object>
          <packing>
            <property name="expand">False</property>
            <property name="pack_type">end</property>
            <property name="position">0</property>
          </packing>
        </child>
      </object>
    </child>
    <action-widgets>
      <action-widget response="-6">auth_cancel</action-widget>
      <action-widget response="-5">auth_ok</action-widget>
    </action-widgets>
  </object>



</interface>
