<?xml version="1.0"?>
<interface>
  <!-- interface-requires gtk+ 2.10 -->
  <!-- interface-naming-policy toplevel-contextual -->


  <object class="GtkDialog" id="Certificate">
    <property name="width_request">550</property>
    <property name="border_width">5</property>
    <property name="title" translatable="yes">Check Certificate</property>
    <property name="window_position">center</property>
    <property name="icon_name">rabbitvcs-small</property>
    <property name="type_hint">dialog</property>
    <property name="has_separator">False</property>
    <child internal-child="vbox">
      <object class="GtkVBox" id="dialog-vbox3">
        <property name="width_request">400</property>
        <property name="visible">True</property>
        <property name="spacing">12</property>
        <child>
          <object class="GtkVBox" id="vbox4">
            <property name="visible">True</property>
            <property name="border_width">6</property>
            <property name="spacing">6</property>
            <child>
              <object class="GtkLabel" id="label12">
                <property name="visible">True</property>
                <property name="xalign">0</property>
                <property name="label" translatable="yes">&lt;b&gt;Certificate Details&lt;/b&gt;</property>
                <property name="use_markup">True</property>
              </object>
              <packing>
                <property name="expand">False</property>
                <property name="fill">False</property>
                <property name="position">0</property>
              </packing>
            </child>
            <child>
              <object class="GtkAlignment" id="alignment1">
                <property name="visible">True</property>
                <property name="left_padding">12</property>
                <child>
                  <object class="GtkVBox" id="vbox5">
                    <property name="visible">True</property>
                    <property name="spacing">6</property>
                    <child>
                      <object class="GtkHBox" id="hbox6">
                        <property name="visible">True</property>
                        <child>
                          <object class="GtkLabel" id="label7">
                            <property name="width_request">100</property>
                            <property name="visible">True</property>
                            <property name="xalign">0</property>
                            <property name="yalign">0</property>
                            <property name="label" translatable="yes">Realm:</property>
                            <property name="ellipsize">start</property>
                          </object>
                          <packing>
                            <property name="expand">False</property>
                            <property name="fill">False</property>
                            <property name="position">0</property>
                          </packing>
                        </child>
                        <child>
                          <object class="GtkLabel" id="cert_realm">
                            <property name="visible">True</property>
                            <property name="xalign">0</property>
                            <property name="yalign">0</property>
                            <property name="wrap">True</property>
                          </object>
                          <packing>
                            <property name="position">1</property>
                          </packing>
                        </child>
                      </object>
                      <packing>
                        <property name="expand">False</property>
                        <property name="fill">False</property>
                        <property name="position">0</property>
                      </packing>
                    </child>
                    <child>
                      <object class="GtkHBox" id="hbox7">
                        <property name="visible">True</property>
                        <child>
                          <object class="GtkLabel" id="label8">
                            <property name="width_request">100</property>
                            <property name="visible">True</property>
                            <property name="xalign">0</property>
                            <property name="yalign">0</property>
                            <property name="label" translatable="yes">Host:</property>
                            <property name="ellipsize">start</property>
                          </object>
                          <packing>
                            <property name="expand">False</property>
                            <property name="fill">False</property>
                            <property name="position">0</property>
                          </packing>
                        </child>
                        <child>
                          <object class="GtkLabel" id="cert_host">
                            <property name="visible">True</property>
                            <property name="xalign">0</property>
                            <property name="yalign">0</property>
                            <property name="wrap">True</property>
                          </object>
                          <packing>
                            <property name="position">1</property>
                          </packing>
                        </child>
                      </object>
                      <packing>
                        <property name="expand">False</property>
                        <property name="fill">False</property>
                        <property name="position">1</property>
                      </packing>
                    </child>
                    <child>
                      <object class="GtkHBox" id="hbox8">
                        <property name="visible">True</property>
                        <child>
                          <object class="GtkLabel" id="label9">
                            <property name="width_request">100</property>
                            <property name="visible">True</property>
                            <property name="xalign">0</property>
                            <property name="yalign">0</property>
                            <property name="label" translatable="yes">Issuer:</property>
                            <property name="ellipsize">start</property>
                          </object>
                          <packing>
                            <property name="expand">False</property>
                            <property name="fill">False</property>
                            <property name="position">0</property>
                          </packing>
                        </child>
                        <child>
                          <object class="GtkLabel" id="cert_issuer">
                            <property name="visible">True</property>
                            <property name="xalign">0</property>
                            <property name="yalign">0</property>
                            <property name="wrap">True</property>
                          </object>
                          <packing>
                            <property name="position">1</property>
                          </packing>
                        </child>
                      </object>
                      <packing>
                        <property name="expand">False</property>
                        <property name="fill">False</property>
                        <property name="position">2</property>
                      </packing>
                    </child>
                    <child>
                      <object class="GtkHBox" id="hbox9">
                        <property name="visible">True</property>
                        <child>
                          <object class="GtkLabel" id="label10">
                            <property name="width_request">100</property>
                            <property name="visible">True</property>
                            <property name="xalign">0</property>
                            <property name="yalign">0</property>
                            <property name="label" translatable="yes">Valid:</property>
                            <property name="ellipsize">start</property>
                          </object>
                          <packing>
                            <property name="expand">False</property>
                            <property name="fill">False</property>
                            <property name="position">0</property>
                          </packing>
                        </child>
                        <child>
                          <object class="GtkLabel" id="cert_valid">
                            <property name="visible">True</property>
                            <property name="xalign">0</property>
                            <property name="yalign">0</property>
                            <property name="wrap">True</property>
                          </object>
                          <packing>
                            <property name="position">1</property>
                          </packing>
                        </child>
                      </object>
                      <packing>
                        <property name="expand">False</property>
                        <property name="fill">False</property>
                        <property name="position">3</property>
                      </packing>
                    </child>
                    <child>
                      <object class="GtkHBox" id="hbox10">
                        <property name="visible">True</property>
                        <child>
                          <object class="GtkLabel" id="label11">
                            <property name="width_request">100</property>
                            <property name="visible">True</property>
                            <property name="xalign">0</property>
                            <property name="yalign">0</property>
                            <property name="label" translatable="yes">Fingerprint:</property>
                            <property name="ellipsize">start</property>
                          </object>
                          <packing>
                            <property name="expand">False</property>
                            <property name="fill">False</property>
                            <property name="position">0</property>
                          </packing>
                        </child>
                        <child>
                          <object class="GtkLabel" id="cert_fingerprint">
                            <property name="visible">True</property>
                            <property name="xalign">0</property>
                            <property name="yalign">0</property>
                            <property name="wrap">True</property>
                          </object>
                          <packing>
                            <property name="position">1</property>
                          </packing>
                        </child>
                      </object>
                      <packing>
                        <property name="expand">False</property>
                        <property name="fill">False</property>
                        <property name="position">4</property>
                      </packing>
                    </child>
                  </object>
                </child>
              </object>
              <packing>
                <property name="expand">False</property>
                <property name="fill">False</property>
                <property name="position">1</property>
              </packing>
            </child>
          </object>
          <packing>
            <property name="expand">False</property>
            <property name="fill">False</property>
            <property name="position">1</property>
          </packing>
        </child>
        <child internal-child="action_area">
          <object class="GtkHButtonBox" id="dialog-action_area3">
            <property name="visible">True</property>
            <property name="layout_style">spread</property>
            <child>
              <object class="GtkButton" id="cert_accept_once">
                <property name="label" translatable="yes">Accept Once</property>
                <property name="visible">True</property>
                <property name="can_focus">True</property>
                <property name="receives_default">True</property>
              </object>
              <packing>
                <property name="expand">False</property>
                <property name="fill">False</property>
                <property name="position">0</property>
              </packing>
            </child>
            <child>
              <object class="GtkButton" id="cert_accept_forever">
                <property name="label" translatable="yes">Accept Forever</property>
                <property name="visible">True</property>
                <property name="can_focus">True</property>
                <property name="receives_default">True</property>
              </object>
              <packing>
                <property name="expand">False</property>
                <property name="fill">False</property>
                <property name="position">1</property>
              </packing>
            </child>
            <child>
              <object class="GtkButton" id="cert_deny">
                <property name="label" translatable="yes">Deny</property>
                <property name="visible">True</property>
                <property name="can_focus">True</property>
                <property name="receives_default">True</property>
              </object>
              <packing>
                <property name="expand">False</property>
                <property name="fill">False</property>
                <property name="position">2</property>
              </packing>
            </child>
          </object>
          <packing>
            <property name="expand">False</property>
            <property name="fill">False</property>
            <property name="pack_type">end</property>
            <property name="position">0</property>
          </packing>
        </child>
      </object>
    </child>
    <action-widgets>
      <action-widget response="1">cert_accept_once</action-widget>
      <action-widget response="2">cert_accept_forever</action-widget>
    </action-widgets>
  </object>




</interface>
