<?xml version="1.0"?>
<interface>
  <!-- interface-requires gtk+ 2.10 -->
  <!-- interface-naming-policy toplevel-contextual -->

  <object class="GtkDialog" id="ConflictDecision">
    <property name="border_width">5</property>
    <property name="title" translatable="yes">Edit Conflicts</property>
    <property name="type_hint">normal</property>
    <property name="has_separator">False</property>
    <child internal-child="vbox">
      <object class="GtkVBox" id="dialog-vbox16">
        <property name="visible">True</property>
        <property name="spacing">12</property>
        <child>
          <object class="GtkHBox" id="hbox1">
            <property name="visible">True</property>
            <property name="spacing">6</property>
            <child>
              <object class="GtkVBox" id="vbox1">
                <property name="visible">True</property>
                <child>
                  <object class="GtkImage" id="image1">
                    <property name="visible">True</property>
                    <property name="xpad">25</property>
                    <property name="ypad">25</property>
                    <property name="stock">gtk-dialog-warning</property>
                    <property name="icon-size">6</property>
                  </object>
                  <packing>
                    <property name="expand">False</property>
                    <property name="fill">False</property>
                    <property name="position">0</property>
                  </packing>
                </child>
              </object>
              <packing>
                <property name="expand">False</property>
                <property name="fill">False</property>
                <property name="position">0</property>
              </packing>
            </child>
            <child>
              <object class="GtkVBox" id="vbox2">
                <property name="visible">True</property>
                <property name="border_width">12</property>
                <property name="spacing">18</property>
                <child>
                  <object class="GtkLabel" id="label1">
                    <property name="visible">True</property>
                    <property name="xalign">0</property>
                    <property name="yalign">0.10000000149011612</property>
                    <property name="label" translatable="yes">&lt;b&gt;A conflict was found in the following file:&lt;/b&gt;</property>
                    <property name="use_markup">True</property>
                  </object>
                  <packing>
                    <property name="expand">False</property>
                    <property name="fill">False</property>
                    <property name="position">0</property>
                  </packing>
                </child>
                <child>
                  <object class="GtkLabel" id="filename">
                    <property name="visible">True</property>
                    <property name="xalign">0</property>
                    <property name="yalign">0</property>
                  </object>
                  <packing>
                    <property name="expand">False</property>
                    <property name="fill">False</property>
                    <property name="position">1</property>
                  </packing>
                </child>
              </object>
              <packing>
                <property name="expand">False</property>
                <property name="fill">False</property>
                <property name="position">1</property>
              </packing>
            </child>
          </object>
          <packing>
            <property name="position">1</property>
          </packing>
        </child>
        <child>
          <object class="GtkAlignment" id="alignment1">
            <property name="visible">True</property>
            <property name="left_padding">12</property>
            <child>
              <object class="GtkCheckButton" id="mark_resolved">
                <property name="label" translatable="yes">After the editing conflict, mark the file as resolved.</property>
                <property name="visible">True</property>
                <property name="can_focus">True</property>
                <property name="receives_default">False</property>
                <property name="draw_indicator">True</property>
              </object>
            </child>
          </object>
          <packing>
            <property name="expand">False</property>
            <property name="fill">False</property>
            <property name="position">2</property>
          </packing>
        </child>
        <child internal-child="action_area">
          <object class="GtkHButtonBox" id="dialog-action_area16">
            <property name="visible">True</property>
            <property name="layout_style">center</property>
            <child>
              <object class="GtkButton" id="cancel">
                <property name="label" translatable="yes">Cancel</property>
                <property name="visible">True</property>
                <property name="can_focus">True</property>
                <property name="receives_default">True</property>
              </object>
              <packing>
                <property name="expand">False</property>
                <property name="fill">False</property>
                <property name="position">0</property>
              </packing>
            </child>
            <child>
              <object class="GtkButton" id="accept_mine">
                <property name="label" translatable="yes">Accept Mine</property>
                <property name="visible">True</property>
                <property name="can_focus">True</property>
                <property name="receives_default">True</property>
              </object>
              <packing>
                <property name="expand">False</property>
                <property name="fill">False</property>
                <property name="position">1</property>
              </packing>
            </child>
            <child>
              <object class="GtkButton" id="accept_theirs">
                <property name="label" translatable="yes">Accept Theirs</property>
                <property name="visible">True</property>
                <property name="can_focus">True</property>
                <property name="receives_default">True</property>
              </object>
              <packing>
                <property name="expand">False</property>
                <property name="fill">False</property>
                <property name="position">2</property>
              </packing>
            </child>
            <child>
              <object class="GtkButton" id="merge_manually">
                <property name="label" translatable="yes">Merge Manually</property>
                <property name="visible">True</property>
                <property name="can_focus">True</property>
                <property name="receives_default">True</property>
              </object>
              <packing>
                <property name="expand">False</property>
                <property name="fill">False</property>
                <property name="position">3</property>
              </packing>
            </child>
          </object>
          <packing>
            <property name="expand">False</property>
            <property name="pack_type">end</property>
            <property name="position">0</property>
          </packing>
        </child>
      </object>
    </child>
    <action-widgets>
      <action-widget response="-1">cancel</action-widget>
      <action-widget response="1">accept_theirs</action-widget>
      <action-widget response="2">merge_manually</action-widget>
    </action-widgets>
  </object>
</interface>
