<?xml version="1.0"?>
<interface>
  <!-- interface-requires gtk+ 2.10 -->
  <!-- interface-naming-policy toplevel-contextual -->



  <object class="GtkDialog" id="Confirmation">
    <property name="border_width">5</property>
    <property name="title" translatable="yes">Confirmation</property>
    <property name="window_position">center</property>
    <property name="icon_name">rabbitvcs-small</property>
    <property name="type_hint">dialog</property>
    <property name="has_separator">False</property>
    <child internal-child="vbox">
      <object class="GtkVBox" id="dialog-vbox7">
        <property name="visible">True</property>
        <property name="spacing">12</property>
        <child>
          <object class="GtkHBox" id="hbox15">
            <property name="visible">True</property>
            <child>
              <object class="GtkImage" id="image1">
                <property name="width_request">75</property>
                <property name="visible">True</property>
                <property name="stock">gtk-dialog-warning</property>
                <property name="icon-size">6</property>
              </object>
              <packing>
                <property name="expand">False</property>
                <property name="fill">False</property>
                <property name="position">0</property>
              </packing>
            </child>
            <child>
              <object class="GtkLabel" id="confirm_message">
                <property name="visible">True</property>
                <property name="xalign">0</property>
                <property name="xpad">6</property>
                <property name="ypad">6</property>
                <property name="label" translatable="yes">Are you sure you want to continue?</property>
              </object>
              <packing>
                <property name="expand">False</property>
                <property name="fill">False</property>
                <property name="position">1</property>
              </packing>
            </child>
          </object>
          <packing>
            <property name="expand">False</property>
            <property name="fill">False</property>
            <property name="position">1</property>
          </packing>
        </child>
        <child internal-child="action_area">
          <object class="GtkHButtonBox" id="dialog-action_area7">
            <property name="visible">True</property>
            <property name="layout_style">end</property>
            <child>
              <object class="GtkButton" id="confirm_cancel">
                <property name="label">gtk-no</property>
                <property name="visible">True</property>
                <property name="can_focus">True</property>
                <property name="receives_default">True</property>
                <property name="use_stock">True</property>
              </object>
              <packing>
                <property name="expand">False</property>
                <property name="fill">False</property>
                <property name="position">0</property>
              </packing>
            </child>
            <child>
              <object class="GtkButton" id="confirm_ok">
                <property name="label">gtk-yes</property>
                <property name="visible">True</property>
                <property name="can_focus">True</property>
                <property name="can_default">True</property>
                <property name="has_default">True</property>
                <property name="receives_default">True</property>
                <property name="use_stock">True</property>
              </object>
              <packing>
                <property name="expand">False</property>
                <property name="fill">False</property>
                <property name="position">1</property>
              </packing>
            </child>
          </object>
          <packing>
            <property name="expand">False</property>
            <property name="pack_type">end</property>
            <property name="position">0</property>
          </packing>
        </child>
      </object>
    </child>
    <action-widgets>
      <action-widget response="-6">confirm_cancel</action-widget>
      <action-widget response="-5">confirm_ok</action-widget>
    </action-widgets>
  </object>



</interface>
