<?xml version="1.0"?>
<interface>
  <!-- interface-requires gtk+ 2.10 -->
  <!-- interface-naming-policy toplevel-contextual -->


  <object class="GtkDialog" id="CreateFolder">
    <property name="width_request">320</property>
    <property name="height_request">240</property>
    <property name="border_width">5</property>
    <property name="title" translatable="yes">Create Folder...</property>
    <property name="type_hint">normal</property>
    <property name="has_separator">False</property>
    <child internal-child="vbox">
      <object class="GtkVBox" id="dialog-vbox12">
        <property name="visible">True</property>
        <property name="spacing">12</property>
        <child>
          <object class="GtkVBox" id="vbox1">
            <property name="visible">True</property>
            <property name="spacing">6</property>
            <child>
              <object class="GtkHBox" id="vbox3">
                <property name="visible">True</property>
                <property name="spacing">6</property>
                <child>
                  <object class="GtkLabel" id="label1">
                    <property name="visible">True</property>
                    <property name="xalign">0</property>
                    <property name="label" translatable="yes">&lt;b&gt;Folder Name&lt;/b&gt;</property>
                    <property name="use_markup">True</property>
                  </object>
                  <packing>
                    <property name="position">0</property>
                  </packing>
                </child>
                <child>
                  <object class="GtkAlignment" id="alignment2">
                    <property name="visible">True</property>
                    <property name="left_padding">12</property>
                    <child>
                      <object class="GtkEntry" id="folder_name">
                        <property name="visible">True</property>
                        <property name="can_focus">True</property>
                        <property name="invisible_char">&#x25CF;</property>
                        <signal handler="on_folder_name_changed" name="changed"/>
                      </object>
                    </child>
                  </object>
                  <packing>
                    <property name="position">1</property>
                  </packing>
                </child>
              </object>
              <packing>
                <property name="expand">False</property>
                <property name="fill">False</property>
                <property name="position">0</property>
              </packing>
            </child>
            <child>
              <object class="GtkVBox" id="vbox2">
                <property name="visible">True</property>
                <property name="spacing">6</property>
                <child>
                  <object class="GtkLabel" id="label2">
                    <property name="visible">True</property>
                    <property name="xalign">0</property>
                    <property name="label" translatable="yes">&lt;b&gt;Add Message&lt;/b&gt;</property>
                    <property name="use_markup">True</property>
                  </object>
                  <packing>
                    <property name="expand">False</property>
                    <property name="fill">False</property>
                    <property name="position">0</property>
                  </packing>
                </child>
                <child>
                  <object class="GtkAlignment" id="alignment1">
                    <property name="visible">True</property>
                    <property name="left_padding">12</property>
                    <child>
                      <object class="GtkScrolledWindow" id="scrolledwindow1">
                        <property name="visible">True</property>
                        <property name="can_focus">True</property>
                        <property name="hscrollbar_policy">automatic</property>
                        <property name="vscrollbar_policy">automatic</property>
                        <property name="shadow_type">etched-in</property>
                        <child>
                          <object class="GtkTextView" id="log_message">
                            <property name="visible">True</property>
                            <property name="can_focus">True</property>
                          </object>
                        </child>
                      </object>
                    </child>
                  </object>
                  <packing>
                    <property name="position">1</property>
                  </packing>
                </child>
              </object>
              <packing>
                <property name="position">1</property>
              </packing>
            </child>
          </object>
          <packing>
            <property name="position">1</property>
          </packing>
        </child>
        <child internal-child="action_area">
          <object class="GtkHButtonBox" id="dialog-action_area12">
            <property name="visible">True</property>
            <property name="layout_style">end</property>
            <child>
              <object class="GtkButton" id="cancel">
                <property name="label">gtk-cancel</property>
                <property name="visible">True</property>
                <property name="can_focus">True</property>
                <property name="receives_default">True</property>
                <property name="use_stock">True</property>
              </object>
              <packing>
                <property name="expand">False</property>
                <property name="fill">False</property>
                <property name="position">0</property>
              </packing>
            </child>
            <child>
              <object class="GtkButton" id="ok">
                <property name="label">gtk-ok</property>
                <property name="visible">True</property>
                <property name="can_focus">True</property>
                <property name="has_focus">True</property>
                <property name="can_default">True</property>
                <property name="has_default">True</property>
                <property name="receives_default">True</property>
                <property name="use_stock">True</property>
              </object>
              <packing>
                <property name="expand">False</property>
                <property name="fill">False</property>
                <property name="position">1</property>
              </packing>
            </child>
          </object>
          <packing>
            <property name="expand">False</property>
            <property name="pack_type">end</property>
            <property name="position">0</property>
          </packing>
        </child>
      </object>
    </child>
    <action-widgets>
      <action-widget response="-6">cancel</action-widget>
      <action-widget response="-5">ok</action-widget>
    </action-widgets>
  </object>




</interface>
