<?xml version="1.0"?>
<interface>
  <!-- interface-requires gtk+ 2.10 -->
  <!-- interface-naming-policy toplevel-contextual -->


  <object class="GtkDialog" id="DeleteConfirmation">
    <property name="border_width">5</property>
    <property name="title" translatable="yes">Delete Confirmation</property>
    <property name="window_position">center</property>
    <property name="icon_name">rabbitvcs-small</property>
    <property name="type_hint">dialog</property>
    <property name="has_separator">False</property>
    <child internal-child="vbox">
      <object class="GtkVBox" id="dialog-vbox10">
        <property name="visible">True</property>
        <property name="spacing">12</property>
        <child>
          <object class="GtkHBox" id="hbox16">
            <property name="visible">True</property>
            <child>
              <object class="GtkImage" id="image2">
                <property name="width_request">75</property>
                <property name="visible">True</property>
                <property name="stock">gtk-dialog-warning</property>
                <property name="icon-size">6</property>
              </object>
              <packing>
                <property name="expand">False</property>
                <property name="fill">False</property>
                <property name="position">0</property>
              </packing>
            </child>
            <child>
              <object class="GtkVBox" id="vbox11">
                <property name="visible">True</property>
                <property name="border_width">12</property>
                <property name="spacing">18</property>
                <child>
                  <object class="GtkLabel" id="message">
                    <property name="visible">True</property>
                    <property name="xalign">0</property>
                    <property name="label" translatable="yes">&lt;span size="large"&gt;&lt;b&gt;Are you sure you want to delete %item%?&lt;/b&gt;&lt;/span&gt;</property>
                    <property name="use_markup">True</property>
                  </object>
                  <packing>
                    <property name="expand">False</property>
                    <property name="fill">False</property>
                    <property name="position">0</property>
                  </packing>
                </child>
                <child>
                  <object class="GtkLabel" id="submessage">
                    <property name="visible">True</property>
                    <property name="xalign">0</property>
                    <property name="label" translatable="yes">The item(s) will be sent to the trash can.</property>
                  </object>
                  <packing>
                    <property name="expand">False</property>
                    <property name="fill">False</property>
                    <property name="position">1</property>
                  </packing>
                </child>
              </object>
              <packing>
                <property name="position">1</property>
              </packing>
            </child>
          </object>
          <packing>
            <property name="position">1</property>
          </packing>
        </child>
        <child internal-child="action_area">
          <object class="GtkHButtonBox" id="dialog-action_area10">
            <property name="visible">True</property>
            <property name="layout_style">end</property>
            <child>
              <object class="GtkButton" id="cancel">
                <property name="label">gtk-cancel</property>
                <property name="visible">True</property>
                <property name="can_focus">True</property>
                <property name="receives_default">True</property>
                <property name="use_stock">True</property>
              </object>
              <packing>
                <property name="expand">False</property>
                <property name="fill">False</property>
                <property name="position">0</property>
              </packing>
            </child>
            <child>
              <object class="GtkButton" id="delete">
                <property name="label">gtk-delete</property>
                <property name="visible">True</property>
                <property name="can_focus">True</property>
                <property name="can_default">True</property>
                <property name="has_default">True</property>
                <property name="receives_default">True</property>
                <property name="use_stock">True</property>
              </object>
              <packing>
                <property name="expand">False</property>
                <property name="fill">False</property>
                <property name="position">1</property>
              </packing>
            </child>
          </object>
          <packing>
            <property name="expand">False</property>
            <property name="pack_type">end</property>
            <property name="position">0</property>
          </packing>
        </child>
      </object>
    </child>
    <action-widgets>
      <action-widget response="-6">cancel</action-widget>
      <action-widget response="-5">delete</action-widget>
    </action-widgets>
  </object>




</interface>
