<?xml version="1.0"?>
<interface>
  <!-- interface-requires gtk+ 2.10 -->
  <!-- interface-naming-policy toplevel-contextual -->


  <object class="GtkDialog" id="ErrorNotification">
    <property name="width_request">500</property>
    <property name="height_request">300</property>
    <property name="border_width">5</property>
    <property name="title" translatable="yes">RabbitVCS Error</property>
    <property name="icon_name">rabbitvcs-small</property>
    <property name="type_hint">normal</property>
    <property name="has_separator">False</property>
    <child internal-child="vbox">
      <object class="GtkVBox" id="dialog-vbox15">
        <property name="visible">True</property>
        <property name="spacing">6</property>
        <child>
          <object class="GtkHBox" id="hbox1">
            <property name="visible">True</property>
            <property name="spacing">6</property>
            <child>
              <object class="GtkImage" id="image1">
                <property name="visible">True</property>
                <property name="stock">gtk-dialog-warning</property>
                <property name="icon-size">6</property>
              </object>
              <packing>
                <property name="expand">False</property>
                <property name="position">0</property>
              </packing>
            </child>
            <child>
              <object class="GtkLabel" id="label1">
                <property name="visible">True</property>
                <property name="label" translatable="yes">&lt;span weight="bold" size="xx-large"&gt;RabbitVCS Error&lt;/span&gt;</property>
                <property name="use_markup">True</property>
              </object>
              <packing>
                <property name="position">1</property>
              </packing>
            </child>
          </object>
          <packing>
            <property name="expand">False</property>
            <property name="position">1</property>
          </packing>
        </child>
        <child>
          <object class="GtkHBox" id="notice_box">
            <property name="visible">True</property>
            <child>
              <placeholder/>
            </child>
          </object>
          <packing>
            <property name="expand">False</property>
            <property name="position">2</property>
          </packing>
        </child>
        <child>
          <object class="GtkScrolledWindow" id="scrolledwindow1">
            <property name="visible">True</property>
            <property name="can_focus">True</property>
            <property name="hscrollbar_policy">automatic</property>
            <property name="vscrollbar_policy">automatic</property>
            <property name="shadow_type">etched-in</property>
            <child>
              <object class="GtkTextView" id="error_text">
                <property name="visible">True</property>
                <property name="can_focus">True</property>
                <property name="editable">False</property>
                <property name="cursor_visible">False</property>
              </object>
            </child>
          </object>
          <packing>
            <property name="position">3</property>
          </packing>
        </child>
        <child internal-child="action_area">
          <object class="GtkHButtonBox" id="dialog-action_area15">
            <property name="visible">True</property>
            <property name="layout_style">end</property>
            <child>
              <object class="GtkButton" id="button1">
                <property name="label">gtk-close</property>
                <property name="visible">True</property>
                <property name="can_focus">True</property>
                <property name="receives_default">True</property>
                <property name="use_stock">True</property>
              </object>
              <packing>
                <property name="expand">False</property>
                <property name="fill">False</property>
                <property name="position">0</property>
              </packing>
            </child>
          </object>
          <packing>
            <property name="expand">False</property>
            <property name="pack_type">end</property>
            <property name="position">0</property>
          </packing>
        </child>
      </object>
    </child>
  </object>




</interface>
