<?xml version="1.0"?>
<interface>
  <!-- interface-requires gtk+ 2.10 -->
  <!-- interface-naming-policy toplevel-contextual -->



  <object class="GtkDialog" id="Loading">
    <property name="width_request">300</property>
    <property name="visible">True</property>
    <property name="events">GDK_POINTER_MOTION_MASK | GDK_POINTER_MOTION_HINT_MASK | GDK_BUTTON_PRESS_MASK | GDK_BUTTON_RELEASE_MASK</property>
    <property name="border_width">5</property>
    <property name="title" translatable="yes">Loading...</property>
    <property name="window_position">center-on-parent</property>
    <property name="icon_name">rabbitvcs-small</property>
    <property name="type_hint">dialog</property>
    <property name="has_separator">False</property>
    <signal handler="on_destroy" name="destroy"/>
    <child internal-child="vbox">
      <object class="GtkVBox" id="dialog-vbox13">
        <property name="visible">True</property>
        <property name="events">GDK_POINTER_MOTION_MASK | GDK_POINTER_MOTION_HINT_MASK | GDK_BUTTON_PRESS_MASK | GDK_BUTTON_RELEASE_MASK</property>
        <property name="spacing">6</property>
        <child>
          <object class="GtkProgressBar" id="pbar">
            <property name="visible">True</property>
            <property name="events">GDK_POINTER_MOTION_MASK | GDK_POINTER_MOTION_HINT_MASK | GDK_BUTTON_PRESS_MASK | GDK_BUTTON_RELEASE_MASK</property>
          </object>
          <packing>
            <property name="expand">False</property>
            <property name="fill">False</property>
            <property name="position">1</property>
          </packing>
        </child>
        <child internal-child="action_area">
          <object class="GtkHButtonBox" id="dialog-action_area13">
            <property name="visible">True</property>
            <property name="events">GDK_POINTER_MOTION_MASK | GDK_POINTER_MOTION_HINT_MASK | GDK_BUTTON_PRESS_MASK | GDK_BUTTON_RELEASE_MASK</property>
            <property name="layout_style">end</property>
            <child>
              <object class="GtkButton" id="loading_cancel">
                <property name="label">gtk-cancel</property>
                <property name="visible">True</property>
                <property name="can_focus">True</property>
                <property name="receives_default">True</property>
                <property name="events">GDK_POINTER_MOTION_MASK | GDK_POINTER_MOTION_HINT_MASK | GDK_BUTTON_PRESS_MASK | GDK_BUTTON_RELEASE_MASK</property>
                <property name="use_stock">True</property>
                <signal handler="on_loading_cancel_clicked" name="clicked"/>
              </object>
              <packing>
                <property name="expand">False</property>
                <property name="fill">False</property>
                <property name="position">0</property>
              </packing>
            </child>
          </object>
          <packing>
            <property name="expand">False</property>
            <property name="pack_type">end</property>
            <property name="position">0</property>
          </packing>
        </child>
      </object>
    </child>
  </object>



</interface>
