<?xml version="1.0"?>
<interface>
  <!-- interface-requires gtk+ 2.10 -->
  <!-- interface-naming-policy toplevel-contextual -->




  <object class="GtkDialog" id="NameEmailPrompt">
    <property name="width_request">400</property>
    <property name="border_width">12</property>
    <property name="title" translatable="yes">Name and Email</property>
    <property name="window_position">center-on-parent</property>
    <property name="type_hint">normal</property>
    <property name="has_separator">False</property>
    <signal handler="on_key_release_event" name="key_release_event"/>
    <child internal-child="vbox">
      <object class="GtkVBox" id="dialog-vbox18">
        <property name="visible">True</property>
        <property name="spacing">12</property>
        <child>
          <object class="GtkLabel" id="label1">
            <property name="visible">True</property>
            <property name="xalign">0</property>
            <property name="label" translatable="yes">&lt;b&gt;Enter Name and Email Details&lt;/b&gt;</property>
            <property name="use_markup">True</property>
          </object>
          <packing>
            <property name="expand">False</property>
            <property name="fill">False</property>
            <property name="position">1</property>
          </packing>
        </child>
        <child>
          <object class="GtkAlignment" id="alignment1">
            <property name="visible">True</property>
            <property name="left_padding">12</property>
            <child>
              <object class="GtkVBox" id="vbox1">
                <property name="visible">True</property>
                <property name="spacing">6</property>
                <child>
                  <object class="GtkHBox" id="hbox1">
                    <property name="visible">True</property>
                    <child>
                      <object class="GtkLabel" id="label2">
                        <property name="width_request">90</property>
                        <property name="visible">True</property>
                        <property name="xalign">0</property>
                        <property name="label" translatable="yes">Name:</property>
                      </object>
                      <packing>
                        <property name="expand">False</property>
                        <property name="fill">False</property>
                        <property name="position">0</property>
                      </packing>
                    </child>
                    <child>
                      <object class="GtkEntry" id="name">
                        <property name="visible">True</property>
                        <property name="can_focus">True</property>
                        <property name="invisible_char">&#x25CF;</property>
                        <property name="invisible_char_set">True</property>
                      </object>
                      <packing>
                        <property name="position">1</property>
                      </packing>
                    </child>
                  </object>
                  <packing>
                    <property name="expand">False</property>
                    <property name="fill">False</property>
                    <property name="position">0</property>
                  </packing>
                </child>
                <child>
                  <object class="GtkHBox" id="hbox2">
                    <property name="visible">True</property>
                    <child>
                      <object class="GtkLabel" id="label3">
                        <property name="width_request">90</property>
                        <property name="visible">True</property>
                        <property name="xalign">0</property>
                        <property name="label" translatable="yes">Email:</property>
                      </object>
                      <packing>
                        <property name="expand">False</property>
                        <property name="fill">False</property>
                        <property name="position">0</property>
                      </packing>
                    </child>
                    <child>
                      <object class="GtkEntry" id="email">
                        <property name="visible">True</property>
                        <property name="can_focus">True</property>
                        <property name="invisible_char">&#x25CF;</property>
                        <property name="invisible_char_set">True</property>
                      </object>
                      <packing>
                        <property name="position">1</property>
                      </packing>
                    </child>
                  </object>
                  <packing>
                    <property name="expand">False</property>
                    <property name="fill">False</property>
                    <property name="position">1</property>
                  </packing>
                </child>
              </object>
            </child>
          </object>
          <packing>
            <property name="position">2</property>
          </packing>
        </child>
        <child internal-child="action_area">
          <object class="GtkHButtonBox" id="dialog-action_area18">
            <property name="visible">True</property>
            <property name="layout_style">end</property>
            <child>
              <object class="GtkButton" id="cancel">
                <property name="label">gtk-cancel</property>
                <property name="visible">True</property>
                <property name="can_focus">True</property>
                <property name="receives_default">True</property>
                <property name="use_stock">True</property>
              </object>
              <packing>
                <property name="expand">False</property>
                <property name="fill">False</property>
                <property name="position">0</property>
              </packing>
            </child>
            <child>
              <object class="GtkButton" id="ok">
                <property name="label">gtk-ok</property>
                <property name="visible">True</property>
                <property name="can_focus">True</property>
                <property name="receives_default">True</property>
                <property name="use_stock">True</property>
              </object>
              <packing>
                <property name="expand">False</property>
                <property name="fill">False</property>
                <property name="position">1</property>
              </packing>
            </child>
          </object>
          <packing>
            <property name="expand">False</property>
            <property name="pack_type">end</property>
            <property name="position">0</property>
          </packing>
        </child>
      </object>
    </child>
    <action-widgets>
      <action-widget response="-6">cancel</action-widget>
      <action-widget response="-5">ok</action-widget>
    </action-widgets>
  </object>

</interface>
