<?xml version="1.0"?>
<interface>
  <!-- interface-requires gtk+ 2.10 -->
  <!-- interface-naming-policy toplevel-contextual -->



  <object class="GtkDialog" id="OneLineTextChange">
    <property name="width_request">500</property>
    <property name="border_width">5</property>
    <property name="title" translatable="yes">Text Change</property>
    <property name="icon_name">rabbitvcs-small</property>
    <property name="type_hint">normal</property>
    <property name="has_separator">False</property>
    <signal handler="on_key_release_event" name="key_release_event"/>
    <child internal-child="vbox">
      <object class="GtkVBox" id="dialog-vbox13">
        <property name="visible">True</property>
        <property name="spacing">12</property>
        <child>
          <object class="GtkHBox" id="hbox1">
            <property name="visible">True</property>
            <child>
              <object class="GtkLabel" id="label">
                <property name="width_request">100</property>
                <property name="visible">True</property>
                <property name="xalign">0</property>
                <property name="label" translatable="yes">New Name:</property>
              </object>
              <packing>
                <property name="expand">False</property>
                <property name="fill">False</property>
                <property name="position">0</property>
              </packing>
            </child>
            <child>
              <object class="GtkEntry" id="new_text">
                <property name="visible">True</property>
                <property name="can_focus">True</property>
                <property name="invisible_char">&#x25CF;</property>
              </object>
              <packing>
                <property name="position">1</property>
              </packing>
            </child>
          </object>
          <packing>
            <property name="expand">False</property>
            <property name="fill">False</property>
            <property name="position">1</property>
          </packing>
        </child>
        <child internal-child="action_area">
          <object class="GtkHButtonBox" id="dialog-action_area13">
            <property name="visible">True</property>
            <property name="layout_style">end</property>
            <child>
              <object class="GtkButton" id="cancel">
                <property name="label">gtk-cancel</property>
                <property name="visible">True</property>
                <property name="can_focus">True</property>
                <property name="receives_default">True</property>
                <property name="use_stock">True</property>
              </object>
              <packing>
                <property name="expand">False</property>
                <property name="fill">False</property>
                <property name="position">0</property>
              </packing>
            </child>
            <child>
              <object class="GtkButton" id="ok">
                <property name="label">gtk-ok</property>
                <property name="visible">True</property>
                <property name="can_focus">True</property>
                <property name="has_focus">True</property>
                <property name="is_focus">True</property>
                <property name="can_default">True</property>
                <property name="has_default">True</property>
                <property name="receives_default">True</property>
                <property name="use_stock">True</property>
              </object>
              <packing>
                <property name="expand">False</property>
                <property name="fill">False</property>
                <property name="position">1</property>
              </packing>
            </child>
          </object>
          <packing>
            <property name="expand">False</property>
            <property name="fill">False</property>
            <property name="pack_type">end</property>
            <property name="position">0</property>
          </packing>
        </child>
      </object>
    </child>
    <action-widgets>
      <action-widget response="-6">cancel</action-widget>
      <action-widget response="-5">ok</action-widget>
    </action-widgets>
  </object>



</interface>
