<?xml version="1.0"?>
<interface>
  <!-- interface-requires gtk+ 2.10 -->
  <!-- interface-naming-policy toplevel-contextual -->



  <object class="GtkDialog" id="PreviousMessages">
    <property name="width_request">500</property>
    <property name="border_width">5</property>
    <property name="title" translatable="yes">Previous Messages</property>
    <property name="window_position">center</property>
    <property name="default_width">450</property>
    <property name="icon_name">rabbitvcs-small</property>
    <property name="type_hint">dialog</property>
    <property name="has_separator">False</property>
    <child internal-child="vbox">
      <object class="GtkVBox" id="dialog-vbox1">
        <property name="visible">True</property>
        <property name="spacing">12</property>
        <child>
          <object class="GtkVBox" id="vbox7">
            <property name="visible">True</property>
            <property name="border_width">6</property>
            <property name="spacing">6</property>
            <child>
              <object class="GtkLabel" id="label14">
                <property name="visible">True</property>
                <property name="xalign">0</property>
                <property name="label" translatable="yes">&lt;b&gt;Previous Messages&lt;/b&gt;</property>
                <property name="use_markup">True</property>
              </object>
              <packing>
                <property name="expand">False</property>
                <property name="fill">False</property>
                <property name="position">0</property>
              </packing>
            </child>
            <child>
              <object class="GtkAlignment" id="alignment2">
                <property name="visible">True</property>
                <property name="left_padding">12</property>
                <child>
                  <object class="GtkScrolledWindow" id="scrolledwindow4">
                    <property name="height_request">200</property>
                    <property name="visible">True</property>
                    <property name="can_focus">True</property>
                    <property name="hscrollbar_policy">automatic</property>
                    <property name="vscrollbar_policy">automatic</property>
                    <property name="shadow_type">etched-in</property>
                    <child>
                      <object class="GtkTreeView" id="prevmes_table">
                        <property name="visible">True</property>
                        <property name="can_focus">True</property>
                      </object>
                    </child>
                  </object>
                </child>
              </object>
              <packing>
                <property name="position">1</property>
              </packing>
            </child>
          </object>
          <packing>
            <property name="position">1</property>
          </packing>
        </child>
        <child>
          <object class="GtkVBox" id="vbox6">
            <property name="visible">True</property>
            <property name="border_width">6</property>
            <property name="spacing">6</property>
            <child>
              <object class="GtkLabel" id="label13">
                <property name="visible">True</property>
                <property name="xalign">0</property>
                <property name="label" translatable="yes">&lt;b&gt;Message&lt;/b&gt;</property>
                <property name="use_markup">True</property>
              </object>
              <packing>
                <property name="expand">False</property>
                <property name="fill">False</property>
                <property name="position">0</property>
              </packing>
            </child>
            <child>
              <object class="GtkAlignment" id="alignment5">
                <property name="visible">True</property>
                <property name="left_padding">12</property>
                <child>
                  <object class="GtkScrolledWindow" id="scrolledwindow5">
                    <property name="visible">True</property>
                    <property name="can_focus">True</property>
                    <property name="hscrollbar_policy">automatic</property>
                    <property name="vscrollbar_policy">automatic</property>
                    <property name="shadow_type">etched-in</property>
                    <child>
                      <object class="GtkTextView" id="prevmes_message">
                        <property name="height_request">100</property>
                        <property name="visible">True</property>
                        <property name="can_focus">True</property>
                        <property name="wrap_mode">word</property>
                      </object>
                    </child>
                  </object>
                </child>
              </object>
              <packing>
                <property name="position">1</property>
              </packing>
            </child>
          </object>
          <packing>
            <property name="position">2</property>
          </packing>
        </child>
        <child internal-child="action_area">
          <object class="GtkHButtonBox" id="dialog-action_area1">
            <property name="visible">True</property>
            <property name="layout_style">end</property>
            <child>
              <object class="GtkButton" id="prevmes_cancel">
                <property name="label">gtk-cancel</property>
                <property name="visible">True</property>
                <property name="can_focus">True</property>
                <property name="receives_default">True</property>
                <property name="use_stock">True</property>
              </object>
              <packing>
                <property name="expand">False</property>
                <property name="fill">False</property>
                <property name="position">0</property>
              </packing>
            </child>
            <child>
              <object class="GtkButton" id="prevmes_ok">
                <property name="label">gtk-ok</property>
                <property name="visible">True</property>
                <property name="can_focus">True</property>
                <property name="receives_default">True</property>
                <property name="use_stock">True</property>
              </object>
              <packing>
                <property name="expand">False</property>
                <property name="fill">False</property>
                <property name="position">1</property>
              </packing>
            </child>
          </object>
          <packing>
            <property name="expand">False</property>
            <property name="pack_type">end</property>
            <property name="position">0</property>
          </packing>
        </child>
      </object>
    </child>
    <action-widgets>
      <action-widget response="-6">prevmes_cancel</action-widget>
      <action-widget response="-5">prevmes_ok</action-widget>
    </action-widgets>
  </object>



</interface>
