<?xml version="1.0"?>
<interface>
  <!-- interface-requires gtk+ 2.10 -->
  <!-- interface-naming-policy toplevel-contextual -->



  <object class="GtkDialog" id="Property">
    <property name="default_width">600</property>
    <property name="default_height">400</property>
    <property name="border_width">5</property>
    <property name="title" translatable="yes">Property</property>
    <property name="window_position">center</property>
    <property name="icon_name">rabbitvcs-small</property>
    <property name="type_hint">dialog</property>
    <property name="has_separator">False</property>
    <child internal-child="vbox">
      <object class="GtkVBox" id="dialog-vbox5">
        <property name="visible">True</property>
        <property name="spacing">12</property>
        <child>
          <object class="GtkVBox" id="vbox8">
            <property name="visible">True</property>
            <property name="border_width">6</property>
            <property name="spacing">6</property>
            <child>
              <object class="GtkLabel" id="label15">
                <property name="visible">True</property>
                <property name="xalign">0</property>
                <property name="label" translatable="yes">&lt;b&gt;Edit Property Details&lt;/b&gt;</property>
                <property name="use_markup">True</property>
              </object>
              <packing>
                <property name="expand">False</property>
                <property name="fill">False</property>
                <property name="position">0</property>
              </packing>
            </child>
            <child>
              <object class="GtkAlignment" id="alignment12">
                <property name="visible">True</property>
                <property name="left_padding">12</property>
                <child>
                  <object class="GtkVBox" id="vbox9">
                    <property name="visible">True</property>
                    <property name="spacing">6</property>
                    <child>
                      <object class="GtkHBox" id="hbox11">
                        <property name="visible">True</property>
                        <child>
                          <object class="GtkLabel" id="label16">
                            <property name="width_request">100</property>
                            <property name="visible">True</property>
                            <property name="xalign">0</property>
                            <property name="label" translatable="yes">Property:</property>
                          </object>
                          <packing>
                            <property name="expand">False</property>
                            <property name="fill">False</property>
                            <property name="position">0</property>
                          </packing>
                        </child>
                        <child>
                          <object class="GtkComboBoxEntry" id="property_name">
                            <property name="visible">True</property>
                            <property name="can_focus">True</property>
                          </object>
                          <packing>
                            <property name="position">1</property>
                          </packing>
                        </child>
                      </object>
                      <packing>
                        <property name="expand">False</property>
                        <property name="fill">False</property>
                        <property name="position">0</property>
                      </packing>
                    </child>
                    <child>
                      <object class="GtkHBox" id="hbox12">
                        <property name="visible">True</property>
                        <child>
                          <object class="GtkLabel" id="label17">
                            <property name="width_request">100</property>
                            <property name="visible">True</property>
                            <property name="xalign">0</property>
                            <property name="yalign">0.05000000074505806</property>
                            <property name="label" translatable="yes">Value:</property>
                          </object>
                          <packing>
                            <property name="expand">False</property>
                            <property name="fill">False</property>
                            <property name="position">0</property>
                          </packing>
                        </child>
                        <child>
                          <object class="GtkScrolledWindow" id="scrolledwindow1">
                            <property name="visible">True</property>
                            <property name="can_focus">True</property>
                            <property name="hscrollbar_policy">automatic</property>
                            <property name="vscrollbar_policy">automatic</property>
                            <property name="shadow_type">etched-in</property>
                            <child>
                              <object class="GtkTextView" id="property_value">
                                <property name="height_request">100</property>
                                <property name="visible">True</property>
                                <property name="can_focus">True</property>
                                <property name="wrap_mode">word</property>
                              </object>
                            </child>
                          </object>
                          <packing>
                            <property name="position">1</property>
                          </packing>
                        </child>
                      </object>
                      <packing>
                        <property name="position">1</property>
                      </packing>
                    </child>
                    <child>
                      <object class="GtkHBox" id="hbox17">
                        <property name="visible">True</property>
                        <child>
                          <object class="GtkLabel" id="label18">
                            <property name="width_request">100</property>
                            <property name="visible">True</property>
                          </object>
                          <packing>
                            <property name="expand">False</property>
                            <property name="fill">False</property>
                            <property name="position">0</property>
                          </packing>
                        </child>
                        <child>
                          <object class="GtkCheckButton" id="property_recurse">
                            <property name="label" translatable="yes">Apply property recursively</property>
                            <property name="visible">True</property>
                            <property name="can_focus">True</property>
                            <property name="receives_default">False</property>
                            <property name="active">True</property>
                            <property name="draw_indicator">True</property>
                          </object>
                          <packing>
                            <property name="expand">False</property>
                            <property name="fill">False</property>
                            <property name="position">1</property>
                          </packing>
                        </child>
                      </object>
                      <packing>
                        <property name="expand">False</property>
                        <property name="fill">False</property>
                        <property name="position">2</property>
                      </packing>
                    </child>
                  </object>
                </child>
              </object>
              <packing>
                <property name="position">1</property>
              </packing>
            </child>
          </object>
          <packing>
            <property name="position">1</property>
          </packing>
        </child>
        <child internal-child="action_area">
          <object class="GtkHButtonBox" id="dialog-action_area5">
            <property name="visible">True</property>
            <property name="layout_style">end</property>
            <child>
              <object class="GtkButton" id="property_cancel">
                <property name="label">gtk-cancel</property>
                <property name="visible">True</property>
                <property name="can_focus">True</property>
                <property name="receives_default">True</property>
                <property name="use_stock">True</property>
              </object>
              <packing>
                <property name="expand">False</property>
                <property name="fill">False</property>
                <property name="position">0</property>
              </packing>
            </child>
            <child>
              <object class="GtkButton" id="property_ok">
                <property name="label">gtk-ok</property>
                <property name="visible">True</property>
                <property name="can_focus">True</property>
                <property name="can_default">True</property>
                <property name="has_default">True</property>
                <property name="receives_default">True</property>
                <property name="use_stock">True</property>
              </object>
              <packing>
                <property name="expand">False</property>
                <property name="fill">False</property>
                <property name="position">1</property>
              </packing>
            </child>
          </object>
          <packing>
            <property name="expand">False</property>
            <property name="pack_type">end</property>
            <property name="position">0</property>
          </packing>
        </child>
      </object>
    </child>
    <action-widgets>
      <action-widget response="-6">property_cancel</action-widget>
      <action-widget response="-5">property_ok</action-widget>
    </action-widgets>
  </object>



</interface>
