<?xml version="1.0"?>
<interface>
  <!-- interface-requires gtk+ 2.10 -->
  <!-- interface-naming-policy toplevel-contextual -->




  <object class="GtkDialog" id="TextChange">
    <property name="width_request">350</property>
    <property name="height_request">200</property>
    <property name="events">GDK_POINTER_MOTION_MASK | GDK_POINTER_MOTION_HINT_MASK | GDK_BUTTON_PRESS_MASK | GDK_BUTTON_RELEASE_MASK</property>
    <property name="border_width">5</property>
    <property name="window_position">center-on-parent</property>
    <property name="icon_name">rabbitvcs-small</property>
    <property name="type_hint">dialog</property>
    <property name="has_separator">False</property>
    <child internal-child="vbox">
      <object class="GtkVBox" id="dialog-vbox12">
        <property name="visible">True</property>
        <property name="events">GDK_POINTER_MOTION_MASK | GDK_POINTER_MOTION_HINT_MASK | GDK_BUTTON_PRESS_MASK | GDK_BUTTON_RELEASE_MASK</property>
        <property name="spacing">12</property>
        <child>
          <object class="GtkVBox" id="vbox12">
            <property name="visible">True</property>
            <property name="events">GDK_POINTER_MOTION_MASK | GDK_POINTER_MOTION_HINT_MASK | GDK_BUTTON_PRESS_MASK | GDK_BUTTON_RELEASE_MASK</property>
            <property name="spacing">6</property>
            <child>
              <object class="GtkLabel" id="label22">
                <property name="visible">True</property>
                <property name="events">GDK_POINTER_MOTION_MASK | GDK_POINTER_MOTION_HINT_MASK | GDK_BUTTON_PRESS_MASK | GDK_BUTTON_RELEASE_MASK</property>
                <property name="xalign">0</property>
                <property name="label" translatable="yes">&lt;b&gt;Message&lt;/b&gt;</property>
                <property name="use_markup">True</property>
              </object>
              <packing>
                <property name="expand">False</property>
                <property name="fill">False</property>
                <property name="position">0</property>
              </packing>
            </child>
            <child>
              <object class="GtkAlignment" id="alignment4">
                <property name="visible">True</property>
                <property name="events">GDK_POINTER_MOTION_MASK | GDK_POINTER_MOTION_HINT_MASK | GDK_BUTTON_PRESS_MASK | GDK_BUTTON_RELEASE_MASK</property>
                <property name="left_padding">12</property>
                <child>
                  <object class="GtkScrolledWindow" id="textchange_scrollwin">
                    <property name="visible">True</property>
                    <property name="can_focus">True</property>
                    <property name="events">GDK_POINTER_MOTION_MASK | GDK_POINTER_MOTION_HINT_MASK | GDK_BUTTON_PRESS_MASK | GDK_BUTTON_RELEASE_MASK</property>
                    <property name="hscrollbar_policy">automatic</property>
                    <property name="vscrollbar_policy">automatic</property>
                    <property name="shadow_type">etched-in</property>
                    <child>
                      <object class="GtkTextView" id="textchange_message">
                        <property name="visible">True</property>
                        <property name="can_focus">True</property>
                        <property name="events">GDK_POINTER_MOTION_MASK | GDK_POINTER_MOTION_HINT_MASK | GDK_BUTTON_PRESS_MASK | GDK_BUTTON_RELEASE_MASK</property>
                        <property name="wrap_mode">word</property>
                      </object>
                    </child>
                  </object>
                </child>
              </object>
              <packing>
                <property name="position">1</property>
              </packing>
            </child>
          </object>
          <packing>
            <property name="position">1</property>
          </packing>
        </child>
        <child internal-child="action_area">
          <object class="GtkHButtonBox" id="dialog-action_area12">
            <property name="visible">True</property>
            <property name="events">GDK_POINTER_MOTION_MASK | GDK_POINTER_MOTION_HINT_MASK | GDK_BUTTON_PRESS_MASK | GDK_BUTTON_RELEASE_MASK</property>
            <property name="layout_style">end</property>
            <child>
              <object class="GtkButton" id="textchange_cancel">
                <property name="label">gtk-cancel</property>
                <property name="visible">True</property>
                <property name="can_focus">True</property>
                <property name="receives_default">True</property>
                <property name="events">GDK_POINTER_MOTION_MASK | GDK_POINTER_MOTION_HINT_MASK | GDK_BUTTON_PRESS_MASK | GDK_BUTTON_RELEASE_MASK</property>
                <property name="use_stock">True</property>
              </object>
              <packing>
                <property name="expand">False</property>
                <property name="fill">False</property>
                <property name="position">0</property>
              </packing>
            </child>
            <child>
              <object class="GtkButton" id="textchange_ok">
                <property name="label">gtk-ok</property>
                <property name="visible">True</property>
                <property name="can_focus">True</property>
                <property name="has_focus">True</property>
                <property name="can_default">True</property>
                <property name="has_default">True</property>
                <property name="receives_default">True</property>
                <property name="events">GDK_POINTER_MOTION_MASK | GDK_POINTER_MOTION_HINT_MASK | GDK_BUTTON_PRESS_MASK | GDK_BUTTON_RELEASE_MASK</property>
                <property name="use_stock">True</property>
              </object>
              <packing>
                <property name="expand">False</property>
                <property name="fill">False</property>
                <property name="position">1</property>
              </packing>
            </child>
          </object>
          <packing>
            <property name="expand">False</property>
            <property name="pack_type">end</property>
            <property name="position">0</property>
          </packing>
        </child>
      </object>
    </child>
    <action-widgets>
      <action-widget response="-6">textchange_cancel</action-widget>
      <action-widget response="-5">textchange_ok</action-widget>
    </action-widgets>
  </object>


</interface>
